CaseID,CaseType,Outcome,Duration,Cost,Complexity
CASE00001,Criminal,Win,296,47449.48501512831,Low
CASE00002,Civil,Loss,376,45385.14934927641,Low
CASE00003,Criminal,Loss,364,8725.754742674097,Low
CASE00004,Civil,Loss,346,9732.768552772368,High
CASE00005,Civil,Win,32,21084.194947374206,High
CASE00006,Civil,Loss,439,18568.519933810003,Medium
CASE00007,Civil,Win,178,19615.242614794523,High
CASE00008,Criminal,Loss,480,23766.463023723067,Low
CASE00009,Criminal,Win,448,43847.944481648614,Low
CASE00010,Criminal,Loss,461,24155.93246737323,Low
CASE00011,Civil,Win,248,30797.779738879883,Low
CASE00012,Civil,Loss,213,26267.532984665424,High
CASE00013,Civil,Win,449,19309.37542309591,High
CASE00014,Civil,Win,328,10790.767422316521,Low
CASE00015,Criminal,Loss,242,11179.652780623384,Low
CASE00016,Criminal,Loss,455,14432.454799570321,Low
CASE00017,Criminal,Loss,468,20169.78298251109,High
CASE00018,Criminal,Win,468,18132.246843071574,Low
CASE00019,Criminal,Win,465,31229.707664377518,Low
CASE00020,Criminal,Loss,13,18149.692082501067,Medium
CASE00021,Criminal,Win,412,3908.218295304076,High
CASE00022,Criminal,Win,449,45388.08586762545,Low
CASE00023,Civil,Win,21,38898.37716390491,Medium
CASE00024,Criminal,Win,87,33402.95073277863,Medium
CASE00025,Criminal,Win,485,12278.264544477379,High
CASE00026,Criminal,Loss,498,42934.59329419332,Medium
CASE00027,Civil,Loss,373,30101.632293898427,Low
CASE00028,Criminal,Win,195,41229.877513378386,Low
CASE00029,Civil,Win,451,5849.414215162606,Medium
CASE00030,Civil,Loss,405,49252.86436471206,Low
CASE00031,Criminal,Win,227,41242.03548982791,Low
CASE00032,Civil,Win,87,26834.233458580697,High
CASE00033,Criminal,Win,49,37539.06526027963,Medium
CASE00034,Civil,Loss,364,35650.85454781579,High
CASE00035,Criminal,Loss,242,4210.084954904639,Medium
CASE00036,Civil,Win,292,21967.39508059301,High
CASE00037,Criminal,Win,415,5230.057319849398,Low
CASE00038,Criminal,Win,461,34482.514725544905,Medium
CASE00039,Civil,Loss,255,38564.14207073307,High
CASE00040,Civil,Win,109,11743.244237395838,Medium
CASE00041,Civil,Loss,15,22341.299336489505,Low
CASE00042,Civil,Win,174,20454.46644113783,Medium
CASE00043,Criminal,Loss,320,1917.361246431153,Medium
CASE00044,Civil,Loss,17,12344.518564778416,Medium
CASE00045,Criminal,Loss,216,31455.617244306795,Low
CASE00046,Criminal,Loss,272,30802.17751428766,Medium
CASE00047,Civil,Loss,419,33123.55451898277,Low
CASE00048,Criminal,Win,494,10404.172991976331,High
CASE00049,Civil,Win,129,28356.65718624628,Low
CASE00050,Criminal,Loss,29,17041.692285097524,Low
CASE00051,Criminal,Loss,80,33063.79904379913,Medium
CASE00052,Criminal,Win,452,2176.5104586813595,Low
CASE00053,Criminal,Win,126,46853.4944966644,Low
CASE00054,Criminal,Win,101,40245.97716841059,High
CASE00055,Civil,Loss,414,43559.55005469945,Low
CASE00056,Criminal,Loss,78,21669.41273235634,Low
CASE00057,Criminal,Win,401,39666.44127335106,Medium
CASE00058,Criminal,Win,408,17733.054919902122,Low
CASE00059,Civil,Loss,447,21136.482671560505,Medium
CASE00060,Civil,Loss,239,17949.62594103774,High
CASE00061,Civil,Win,242,11315.873250452763,High
CASE00062,Criminal,Win,366,21350.964821725735,Medium
CASE00063,Civil,Loss,140,2769.1688494581367,High
CASE00064,Civil,Loss,307,38847.68422514928,Low
CASE00065,Criminal,Win,249,17543.579670951083,Low
CASE00066,Criminal,Loss,371,20467.416843957344,Medium
CASE00067,Civil,Win,50,23659.48030321201,High
CASE00068,Criminal,Loss,219,28939.436237989223,Medium
CASE00069,Civil,Win,117,42398.026832498836,High
CASE00070,Civil,Win,290,41494.882192911,Medium
CASE00071,Criminal,Win,198,24297.642309417617,Medium
CASE00072,Civil,Loss,469,34469.3235264651,Medium
CASE00073,Civil,Loss,143,15648.455731361802,Medium
CASE00074,Criminal,Win,418,10638.764254444763,Low
CASE00075,Civil,Loss,89,23746.972348656072,Low
CASE00076,Criminal,Win,146,22514.99539871472,High
CASE00077,Civil,Loss,18,32767.191057276912,Low
CASE00078,Civil,Loss,33,44000.913701594756,Low
CASE00079,Civil,Win,395,12264.91549349769,High
CASE00080,Civil,Win,485,12636.05941306697,Low
CASE00081,Civil,Loss,262,14293.015344134545,High
CASE00082,Criminal,Loss,159,29110.575241605256,Medium
CASE00083,Criminal,Win,334,25410.425475745957,Low
CASE00084,Civil,Win,498,49062.0256577938,Medium
CASE00085,Criminal,Loss,181,47690.75952919129,Low
CASE00086,Criminal,Win,127,22389.56932725767,Medium
CASE00087,Criminal,Loss,65,3392.3949797962496,Medium
CASE00088,Civil,Win,490,46157.259625218496,Medium
CASE00089,Criminal,Win,322,33198.23811818908,Medium
CASE00090,Criminal,Win,248,10124.822720995959,High
CASE00091,Criminal,Loss,440,33302.534056005796,High
CASE00092,Civil,Loss,296,32426.762981735363,Low
CASE00093,Civil,Win,313,12497.317190376927,High
CASE00094,Civil,Loss,412,43639.21865519369,High
CASE00095,Civil,Win,420,47496.1121477844,Low
CASE00096,Criminal,Win,428,18454.579355657224,Low
CASE00097,Civil,Win,298,49645.97533471786,Medium
CASE00098,Civil,Win,343,26312.295510839107,Medium
CASE00099,Criminal,Loss,120,19041.91159198202,High
CASE00100,Criminal,Loss,430,6405.382549770335,High
CASE00101,Criminal,Win,147,43460.90860567841,Medium
CASE00102,Civil,Win,469,19751.86425485209,High
CASE00103,Civil,Win,116,48817.99496583733,Medium
CASE00104,Criminal,Win,33,49203.12888029067,Low
CASE00105,Civil,Win,32,22157.99345340731,Low
CASE00106,Civil,Loss,32,23689.12367777921,High
CASE00107,Civil,Win,252,5042.5936863656825,Low
CASE00108,Civil,Loss,290,23980.53639105204,Low
CASE00109,Civil,Win,420,44935.22037826713,High
CASE00110,Civil,Win,13,7037.5091722697025,High
CASE00111,Civil,Win,345,47683.350520376865,High
CASE00112,Civil,Loss,24,48621.818848761744,Low
CASE00113,Civil,Loss,439,11717.351874680904,Medium
CASE00114,Civil,Win,88,23032.48274033448,Medium
CASE00115,Criminal,Win,137,28184.718506473717,Low
CASE00116,Criminal,Loss,131,25983.380391306022,Medium
CASE00117,Civil,Win,187,47702.17691273446,Low
CASE00118,Civil,Loss,295,13983.129646355641,Medium
CASE00119,Criminal,Win,435,12085.94332470125,Medium
CASE00120,Civil,Win,280,41407.10978022496,High
CASE00121,Civil,Win,364,36293.84637771798,Medium
CASE00122,Criminal,Loss,232,25509.735167823423,Medium
CASE00123,Criminal,Win,92,14601.508974625092,High
CASE00124,Civil,Win,129,20845.20002415101,Medium
CASE00125,Criminal,Win,143,16952.002864811322,High
CASE00126,Criminal,Loss,379,10846.440567771067,High
CASE00127,Criminal,Win,316,33672.537802258616,Medium
CASE00128,Civil,Loss,404,2240.616480734073,Low
CASE00129,Civil,Win,187,46011.00386227268,High
CASE00130,Civil,Win,457,40075.90185476301,Medium
CASE00131,Civil,Win,396,45509.9106736466,Low
CASE00132,Criminal,Loss,407,4207.2461335509615,Low
CASE00133,Civil,Loss,257,10193.654843007009,Medium
CASE00134,Civil,Loss,427,9687.553199881013,Medium
CASE00135,Criminal,Loss,67,40404.15266813938,High
CASE00136,Civil,Win,80,20799.10914048439,High
CASE00137,Criminal,Win,125,34437.49677159594,Medium
CASE00138,Criminal,Win,84,31907.28930105488,Low
CASE00139,Criminal,Win,437,49106.76500478949,Low
CASE00140,Criminal,Loss,492,28608.200990977835,Low
CASE00141,Criminal,Win,141,5473.930411536178,Medium
CASE00142,Civil,Loss,308,22850.021459941625,High
CASE00143,Civil,Loss,29,8950.784537937081,High
CASE00144,Criminal,Loss,395,46541.02257146097,Medium
CASE00145,Civil,Loss,427,17014.557051322066,Low
CASE00146,Civil,Win,69,46816.3606595065,Medium
CASE00147,Civil,Loss,23,13501.270996092866,Medium
CASE00148,Civil,Loss,186,34596.93609965029,Low
CASE00149,Civil,Loss,497,48514.64446647867,Medium
CASE00150,Criminal,Win,300,10024.409282288974,High
CASE00151,Civil,Win,126,26372.491744742998,High
CASE00152,Criminal,Win,416,10893.487394711361,Medium
CASE00153,Civil,Win,58,44438.77860591203,Medium
CASE00154,Civil,Win,43,38707.52661196304,Low
CASE00155,Civil,Loss,479,23929.633709220416,Low
CASE00156,Criminal,Loss,87,30703.280584208504,Low
CASE00157,Criminal,Win,316,10871.19423061081,Low
CASE00158,Criminal,Loss,109,9879.727632776354,High
CASE00159,Civil,Win,142,4092.1478985969575,Medium
CASE00160,Civil,Loss,47,47070.95274444554,High
CASE00161,Civil,Win,412,43359.8243888933,Medium
CASE00162,Civil,Win,296,37947.507805778296,Medium
CASE00163,Civil,Loss,61,42712.9986676661,High
CASE00164,Criminal,Win,298,13652.39301265673,Low
CASE00165,Criminal,Win,239,14542.0840144966,Medium
CASE00166,Criminal,Loss,191,20061.587372681017,High
CASE00167,Criminal,Loss,261,44576.0532188006,High
CASE00168,Civil,Loss,206,18987.235314254387,Medium
CASE00169,Criminal,Loss,374,11890.36772240038,High
CASE00170,Criminal,Win,313,11252.184499361518,Medium
CASE00171,Civil,Loss,106,30512.508463188187,Low
CASE00172,Civil,Win,495,40112.86957617155,Low
CASE00173,Criminal,Win,380,20243.437542526022,Medium
CASE00174,Criminal,Win,365,45294.8271349689,High
CASE00175,Criminal,Win,151,14456.055815817552,Medium
CASE00176,Criminal,Win,118,27146.82919548053,Low
CASE00177,Civil,Win,209,22800.209624985047,Medium
CASE00178,Civil,Win,390,27727.688297093817,High
CASE00179,Criminal,Win,282,5898.359019292496,High
CASE00180,Civil,Loss,399,22655.475115395395,Low
CASE00181,Civil,Loss,292,42370.45268971895,Medium
CASE00182,Civil,Loss,230,20581.75145866921,Low
CASE00183,Criminal,Win,57,48446.459710475174,Medium
CASE00184,Criminal,Loss,164,34602.899316063034,Medium
CASE00185,Civil,Loss,293,13896.763040058951,Medium
CASE00186,Civil,Loss,219,8977.097017158132,High
CASE00187,Civil,Win,190,13382.337308307604,High
CASE00188,Civil,Win,371,22881.14662920647,Medium
CASE00189,Criminal,Win,77,41774.82932053861,Medium
CASE00190,Criminal,Loss,78,1681.5966770765099,Medium
CASE00191,Civil,Loss,465,46167.133189482105,Medium
CASE00192,Criminal,Loss,390,13919.860770585388,Low
CASE00193,Civil,Loss,221,35622.293253667995,Medium
CASE00194,Civil,Loss,283,5857.287996736661,High
CASE00195,Civil,Win,213,20941.724679922023,Low
CASE00196,Criminal,Loss,363,38156.243409853974,Medium
CASE00197,Criminal,Loss,357,48265.77124694636,Low
CASE00198,Civil,Loss,67,1180.9346835358876,High
CASE00199,Civil,Loss,49,49337.56627100563,Low
CASE00200,Criminal,Win,307,8832.886205583296,High
CASE00201,Civil,Loss,62,37431.447982735925,High
CASE00202,Civil,Win,435,34927.1691649243,Low
CASE00203,Criminal,Win,248,31404.59087047104,High
CASE00204,Civil,Win,413,43720.7904146209,Low
CASE00205,Civil,Loss,149,35935.00504694476,High
CASE00206,Civil,Win,140,37788.344984544216,Low
CASE00207,Criminal,Loss,413,35372.79520976284,Low
CASE00208,Civil,Win,111,44228.0693645795,High
CASE00209,Criminal,Loss,149,18624.43520194574,Low
CASE00210,Criminal,Loss,339,23293.122877031616,Medium
CASE00211,Civil,Loss,97,25587.11200074878,Low
CASE00212,Criminal,Loss,396,26489.50371479265,Low
CASE00213,Criminal,Loss,95,17181.158009815364,High
CASE00214,Civil,Win,179,18712.248892511663,Low
CASE00215,Civil,Win,406,10313.703409277296,High
CASE00216,Criminal,Loss,401,35204.124127241856,High
CASE00217,Criminal,Win,477,3195.512192034199,Medium
CASE00218,Civil,Win,88,33231.50337633684,Medium
CASE00219,Criminal,Win,341,43484.639396056584,Low
CASE00220,Criminal,Loss,87,41697.143627592835,Medium
CASE00221,Criminal,Loss,230,16031.890230565768,High
CASE00222,Criminal,Loss,451,11269.759190161858,Low
CASE00223,Criminal,Win,198,2755.0457996726263,Low
CASE00224,Criminal,Win,445,32414.630584501214,Low
CASE00225,Civil,Win,24,42660.677548070904,Low
CASE00226,Civil,Win,48,49538.89214397221,Medium
CASE00227,Criminal,Loss,24,41912.48470131632,Low
CASE00228,Criminal,Loss,351,29174.52565168105,High
CASE00229,Civil,Win,404,19348.15305409894,Medium
CASE00230,Civil,Win,380,25452.02409235034,High
CASE00231,Civil,Win,327,4828.705889514842,High
CASE00232,Civil,Loss,27,5899.274669287963,High
CASE00233,Civil,Loss,247,3305.177445362304,Low
CASE00234,Criminal,Win,217,39146.645540405734,High
CASE00235,Criminal,Loss,304,37174.38076351076,Low
CASE00236,Criminal,Loss,56,37486.45785389407,Low
CASE00237,Civil,Loss,429,25884.596064341164,Medium
CASE00238,Civil,Win,447,28635.778296371987,Medium
CASE00239,Civil,Loss,247,6061.601389669442,Low
CASE00240,Civil,Loss,241,1362.0027768131642,Low
CASE00241,Civil,Win,295,12563.329042239051,Medium
CASE00242,Criminal,Loss,331,8751.09167417976,High
CASE00243,Criminal,Loss,453,43737.645009055464,Low
CASE00244,Civil,Win,210,6505.559875121035,High
CASE00245,Criminal,Loss,370,7209.414772578843,Medium
CASE00246,Civil,Win,224,2270.571127178344,Medium
CASE00247,Civil,Win,281,2748.2926857100892,High
CASE00248,Criminal,Win,451,3193.8811918790684,Low
CASE00249,Civil,Win,21,5304.5304318763065,Medium
CASE00250,Criminal,Loss,99,37612.20789312864,Medium
CASE00251,Civil,Loss,349,19637.945137249,Medium
CASE00252,Criminal,Loss,312,25307.93070417297,High
CASE00253,Civil,Win,100,39774.91349752617,Medium
CASE00254,Civil,Loss,496,6466.275621138719,High
CASE00255,Criminal,Loss,358,5610.310499214543,Medium
CASE00256,Criminal,Win,427,39063.37180283009,High
CASE00257,Criminal,Win,186,3937.6692441024757,High
CASE00258,Criminal,Loss,411,29885.841785588545,Medium
CASE00259,Civil,Loss,27,5517.735508224746,Low
CASE00260,Civil,Win,349,37257.91552809498,Medium
CASE00261,Criminal,Win,386,19254.739472017773,Medium
CASE00262,Criminal,Win,398,32730.68213644208,Medium
CASE00263,Civil,Win,351,9604.400011716038,Low
CASE00264,Criminal,Loss,191,42364.41979770988,Low
CASE00265,Criminal,Win,258,20633.329387292957,Low
CASE00266,Civil,Loss,126,48059.07405656281,Low
CASE00267,Criminal,Loss,64,18368.31885676855,Medium
CASE00268,Criminal,Win,361,21153.943664556333,High
CASE00269,Criminal,Loss,341,46040.6609914606,Low
CASE00270,Civil,Loss,258,44484.45081437366,High
CASE00271,Criminal,Win,48,26460.36449683615,Low
CASE00272,Criminal,Loss,143,12740.027797820823,Low
CASE00273,Criminal,Win,306,17068.234923803488,Medium
CASE00274,Civil,Loss,230,3135.2617113528217,High
CASE00275,Civil,Win,410,13415.357109120501,Low
CASE00276,Criminal,Win,138,12895.727100277134,Low
CASE00277,Criminal,Loss,360,41668.638290177805,Medium
CASE00278,Criminal,Win,132,34184.6381511049,Low
CASE00279,Criminal,Win,106,7685.6805278876955,Medium
CASE00280,Criminal,Loss,20,36683.241534154105,Medium
CASE00281,Civil,Win,47,3634.1259683612416,Low
CASE00282,Criminal,Win,265,24565.412996633542,Low
CASE00283,Criminal,Loss,256,36024.30619240584,Low
CASE00284,Civil,Win,112,49350.9936013527,High
CASE00285,Civil,Loss,415,1309.1302540785537,Medium
CASE00286,Civil,Loss,375,14624.093328457626,Low
CASE00287,Civil,Win,272,37146.688214815986,Medium
CASE00288,Civil,Loss,420,44182.03297976954,Low
CASE00289,Civil,Loss,278,39137.12093697758,Low
CASE00290,Criminal,Loss,96,4337.719983526769,Medium
CASE00291,Civil,Win,129,20034.10667300095,High
CASE00292,Civil,Win,175,25997.86633959906,Medium
CASE00293,Criminal,Loss,68,17349.78712124805,Low
CASE00294,Criminal,Loss,39,13901.009917410882,High
CASE00295,Criminal,Loss,73,11739.450168993564,Medium
CASE00296,Civil,Win,167,43769.26867182018,Medium
CASE00297,Criminal,Win,470,8035.535816798029,Low
CASE00298,Civil,Win,459,17174.61520948046,High
CASE00299,Criminal,Loss,151,20017.00085826645,Medium
CASE00300,Criminal,Win,93,36417.62643390492,Medium
CASE00301,Criminal,Win,489,10211.214878900113,Medium
CASE00302,Criminal,Win,312,35254.32047202812,High
CASE00303,Civil,Loss,95,47278.74614553346,Low
CASE00304,Criminal,Loss,487,35417.50495766456,Medium
CASE00305,Civil,Loss,32,17153.254054007753,Low
CASE00306,Civil,Win,245,17218.150697926365,Medium
CASE00307,Criminal,Loss,318,27994.01450992251,Medium
CASE00308,Criminal,Loss,273,24512.930058789716,Low
CASE00309,Criminal,Win,349,3406.8507778456014,High
CASE00310,Civil,Loss,155,8181.544405391077,High
CASE00311,Civil,Loss,384,48839.508125603505,High
CASE00312,Civil,Win,207,33915.25805468145,Medium
CASE00313,Criminal,Loss,407,2834.06213468916,High
CASE00314,Civil,Loss,64,14779.73177477562,Medium
CASE00315,Criminal,Loss,376,48686.779256238966,Low
CASE00316,Civil,Loss,250,5581.592705702444,High
CASE00317,Criminal,Win,144,17920.120899488873,Medium
CASE00318,Civil,Win,251,45162.90948446632,Medium
CASE00319,Criminal,Loss,81,21364.67575027086,Low
CASE00320,Civil,Win,76,22215.074914738125,Low
CASE00321,Civil,Loss,110,37605.90302384594,Low
CASE00322,Civil,Win,278,22646.248553537163,Low
CASE00323,Criminal,Loss,81,35463.3377737891,Medium
CASE00324,Criminal,Loss,70,42189.11817526449,High
CASE00325,Criminal,Win,106,45018.1522317042,Low
CASE00326,Criminal,Loss,398,1738.6186588607497,High
CASE00327,Criminal,Loss,45,46450.00308463768,High
CASE00328,Criminal,Win,134,10496.420101787526,Medium
CASE00329,Criminal,Win,376,36690.79311261563,Medium
CASE00330,Civil,Loss,78,42347.11684269099,Medium
CASE00331,Criminal,Loss,467,25513.981678098375,Medium
CASE00332,Civil,Win,430,11040.618715921202,High
CASE00333,Civil,Win,223,24607.3455383011,Medium
CASE00334,Criminal,Win,212,14639.887670646503,Medium
CASE00335,Civil,Loss,409,33882.139998100654,Medium
CASE00336,Civil,Loss,255,41055.157759838396,Medium
CASE00337,Criminal,Win,25,39279.329115311455,High
CASE00338,Civil,Win,28,35854.08974804401,High
CASE00339,Civil,Win,136,14988.32271513698,High
CASE00340,Civil,Win,389,7036.94537686908,Medium
CASE00341,Civil,Loss,219,44804.59054899293,Low
CASE00342,Criminal,Loss,210,1638.7212724731985,Low
CASE00343,Criminal,Loss,226,34508.70663242135,High
CASE00344,Criminal,Win,42,19291.12397355596,Low
CASE00345,Criminal,Win,69,18473.623274778678,High
CASE00346,Criminal,Loss,450,2247.9961087714537,Medium
CASE00347,Criminal,Win,274,49815.65725988479,Low
CASE00348,Civil,Loss,487,23987.94265323993,Low
CASE00349,Civil,Loss,462,43936.348702233445,High
CASE00350,Criminal,Win,414,12938.337273060926,Low
CASE00351,Civil,Win,384,29671.6761570335,High
CASE00352,Criminal,Win,177,24289.6980049072,Low
CASE00353,Civil,Loss,413,33445.60619179466,Low
CASE00354,Civil,Loss,498,22974.69586159406,High
CASE00355,Civil,Win,417,19048.736896839822,Low
CASE00356,Criminal,Loss,36,2979.1338419436433,High
CASE00357,Criminal,Win,62,46154.63545773744,High
CASE00358,Civil,Win,356,28744.687077475126,Low
CASE00359,Civil,Win,116,23951.38317973088,Low
CASE00360,Criminal,Loss,262,37691.94950292337,Low
CASE00361,Criminal,Loss,408,46841.62201713995,Medium
CASE00362,Civil,Win,305,16487.90319040011,Low
CASE00363,Civil,Loss,498,48172.55612250774,Medium
CASE00364,Criminal,Loss,270,12076.506236963254,High
CASE00365,Criminal,Win,22,34449.84459025707,Low
CASE00366,Criminal,Win,252,26018.77948481409,Low
CASE00367,Criminal,Win,102,13443.440812742594,High
CASE00368,Criminal,Win,311,43108.07782374595,Medium
CASE00369,Criminal,Win,388,7867.343301294626,Medium
CASE00370,Civil,Loss,16,46981.89776509131,Medium
CASE00371,Criminal,Loss,357,27397.300414743677,Medium
CASE00372,Civil,Loss,90,27681.874931581657,Medium
CASE00373,Civil,Loss,319,45865.07795232344,High
CASE00374,Civil,Win,97,28604.604614349657,Medium
CASE00375,Criminal,Win,364,46535.750912994044,Medium
CASE00376,Civil,Win,410,49496.961190002294,Medium
CASE00377,Civil,Win,445,18461.833253954603,Low
CASE00378,Criminal,Loss,157,29603.806736842,Medium
CASE00379,Criminal,Win,64,45775.971103327945,High
CASE00380,Civil,Win,135,15117.384907564192,High
CASE00381,Civil,Win,94,32848.017665944935,Medium
CASE00382,Criminal,Loss,389,7526.901350679914,Low
CASE00383,Criminal,Loss,278,15202.20742178787,Low
CASE00384,Civil,Loss,364,7727.138444089851,Medium
CASE00385,Criminal,Loss,263,19230.88419924763,Low
CASE00386,Criminal,Win,384,35646.11494239411,High
CASE00387,Civil,Loss,82,20238.967574974682,Medium
CASE00388,Civil,Win,202,24547.806866276387,Medium
CASE00389,Civil,Loss,108,16393.855678945936,Medium
CASE00390,Criminal,Win,413,13306.511515090702,High
CASE00391,Civil,Loss,476,10075.336438198437,Low
CASE00392,Criminal,Win,407,35942.7968049571,Medium
CASE00393,Criminal,Win,386,27141.832961493532,High
CASE00394,Criminal,Loss,230,6111.090602468527,Low
CASE00395,Civil,Loss,46,28967.250584567275,Low
CASE00396,Civil,Loss,341,10324.084179014211,High
CASE00397,Criminal,Win,53,30683.794430006943,Medium
CASE00398,Civil,Win,318,30290.309407232955,Low
CASE00399,Criminal,Loss,86,49778.278670632746,Low
CASE00400,Civil,Loss,465,35155.40439992205,Medium
CASE00401,Criminal,Loss,80,17024.376242257807,Low
CASE00402,Criminal,Loss,107,23410.669388212656,Medium
CASE00403,Civil,Win,157,12935.678748233637,Low
CASE00404,Criminal,Loss,30,47421.466391960246,High
CASE00405,Criminal,Win,309,7300.4901978333955,High
CASE00406,Criminal,Win,221,39766.876657612454,High
CASE00407,Civil,Win,187,2040.3433523921915,Medium
CASE00408,Civil,Win,247,34638.14291382418,High
CASE00409,Civil,Win,98,25450.39666420369,High
CASE00410,Criminal,Loss,344,31233.71802900375,High
CASE00411,Criminal,Loss,58,23097.667921922417,Low
CASE00412,Civil,Loss,315,37182.336780460486,High
CASE00413,Civil,Win,188,29644.35330541745,Medium
CASE00414,Criminal,Win,132,4364.627531601849,Low
CASE00415,Civil,Loss,25,46219.110927034846,Medium
CASE00416,Civil,Win,158,41078.5750716587,Medium
CASE00417,Criminal,Loss,340,32919.59984933279,Medium
CASE00418,Criminal,Win,362,36300.36800806063,Low
CASE00419,Criminal,Win,319,5089.141324387085,Low
CASE00420,Criminal,Loss,438,26848.859190569037,High
CASE00421,Criminal,Win,104,26880.954750306802,High
CASE00422,Criminal,Loss,296,29342.63134541854,Medium
CASE00423,Criminal,Loss,378,9709.213735807909,Low
CASE00424,Civil,Win,383,27297.486535179898,High
CASE00425,Civil,Win,57,33071.144355048746,Medium
CASE00426,Civil,Loss,144,16441.111876721563,Low
CASE00427,Criminal,Win,333,30117.417096178317,Medium
CASE00428,Criminal,Loss,407,9887.840283229332,Medium
CASE00429,Criminal,Loss,145,44765.911060164915,High
CASE00430,Criminal,Win,427,49610.959756879136,High
CASE00431,Criminal,Loss,87,13405.869150658322,Medium
CASE00432,Civil,Loss,211,27766.592295688624,High
CASE00433,Criminal,Loss,410,5616.354845868745,High
CASE00434,Criminal,Win,103,5394.97259241316,Medium
CASE00435,Criminal,Win,444,20375.866745718627,Medium
CASE00436,Civil,Loss,494,11115.745779637073,Low
CASE00437,Civil,Loss,114,30701.490766915325,Medium
CASE00438,Civil,Win,498,41772.4934767421,High
CASE00439,Criminal,Win,150,27693.715002689132,High
CASE00440,Criminal,Win,433,40461.040343474415,High
CASE00441,Criminal,Win,292,14692.926757349835,Medium
CASE00442,Civil,Win,361,23635.270049458995,High
CASE00443,Criminal,Win,96,24718.09531973748,Low
CASE00444,Civil,Win,212,42858.52923148359,High
CASE00445,Civil,Loss,467,47514.272494202305,Medium
CASE00446,Criminal,Loss,324,23853.44476952049,Low
CASE00447,Criminal,Loss,103,19547.85594882193,Low
CASE00448,Criminal,Loss,90,12942.41170114876,High
CASE00449,Criminal,Loss,397,25819.08655345994,Low
CASE00450,Criminal,Loss,416,18754.51532359233,Medium
CASE00451,Criminal,Loss,140,31751.431859312277,Low
CASE00452,Criminal,Loss,58,46816.79805201809,Low
CASE00453,Criminal,Loss,404,12721.74069128156,High
CASE00454,Criminal,Loss,30,20670.27563589206,High
CASE00455,Civil,Win,241,41385.74858122475,Low
CASE00456,Civil,Loss,255,46638.441658546624,Medium
CASE00457,Civil,Loss,423,29761.390901389786,Medium
CASE00458,Civil,Win,496,46679.12705454624,Low
CASE00459,Civil,Win,71,35599.01664484111,Low
CASE00460,Criminal,Win,239,33020.53083537982,Medium
CASE00461,Civil,Loss,173,38187.79765811097,Medium
CASE00462,Criminal,Loss,255,23228.893830880777,High
CASE00463,Civil,Win,304,44219.436310854435,High
CASE00464,Criminal,Loss,265,40588.13702354759,High
CASE00465,Criminal,Win,102,39701.43038767376,Low
CASE00466,Criminal,Loss,81,47252.56531981862,Low
CASE00467,Civil,Loss,149,37861.509715460736,High
CASE00468,Civil,Loss,57,16209.094006097695,Low
CASE00469,Civil,Win,312,35813.64089454418,High
CASE00470,Civil,Win,84,22209.571139844717,Low
CASE00471,Criminal,Loss,187,6126.190580172205,Medium
CASE00472,Criminal,Loss,116,44274.31863155631,Medium
CASE00473,Criminal,Loss,485,9229.716945625838,Low
CASE00474,Criminal,Loss,450,26573.528156933527,High
CASE00475,Criminal,Loss,233,23291.45439527287,Medium
CASE00476,Criminal,Loss,157,1420.451219929982,Medium
CASE00477,Criminal,Win,78,16798.55732169773,Medium
CASE00478,Criminal,Win,57,9344.858650738313,Medium
CASE00479,Civil,Loss,299,44714.5798574362,High
CASE00480,Criminal,Loss,397,8265.108190874511,Medium
CASE00481,Criminal,Loss,58,5405.182054730792,Medium
CASE00482,Civil,Win,489,7556.224452545313,Medium
CASE00483,Civil,Win,195,13112.552429423053,High
CASE00484,Civil,Win,398,2125.859916550932,High
CASE00485,Civil,Loss,43,13133.576134149755,Medium
CASE00486,Civil,Win,123,14053.010004671714,Medium
CASE00487,Civil,Loss,389,18817.009336267096,Low
CASE00488,Criminal,Win,451,37155.27303467043,High
CASE00489,Civil,Win,251,10381.181085876382,High
CASE00490,Civil,Win,361,3580.321653477955,Low
CASE00491,Criminal,Loss,319,31355.80566722221,Medium
CASE00492,Criminal,Win,277,9397.857892755015,Low
CASE00493,Civil,Loss,209,24350.57605150601,High
CASE00494,Criminal,Loss,418,25814.268402251884,High
CASE00495,Civil,Win,398,6574.28819609772,Low
CASE00496,Civil,Win,85,31940.553988681047,High
CASE00497,Civil,Loss,301,28594.287666616725,Low
CASE00498,Civil,Loss,123,18674.50200094674,Medium
CASE00499,Criminal,Win,492,15076.680700099363,Low
CASE00500,Criminal,Win,323,49970.39526949097,High
CASE00501,Criminal,Loss,268,18700.752694533465,High
CASE00502,Criminal,Win,116,26182.86788024293,Medium
CASE00503,Criminal,Loss,131,36294.203385552595,Medium
CASE00504,Civil,Win,494,13794.12354386745,Medium
CASE00505,Civil,Loss,370,36627.162868507774,High
CASE00506,Criminal,Win,209,31701.552507839737,Low
CASE00507,Civil,Win,102,25448.108437134953,Low
CASE00508,Criminal,Loss,368,20817.258317205007,Low
CASE00509,Criminal,Win,12,10216.870317914194,Low
CASE00510,Civil,Win,136,2688.2523723540517,High
CASE00511,Civil,Win,398,9390.03886080623,High
CASE00512,Civil,Loss,296,21284.140105050123,Medium
CASE00513,Civil,Loss,97,32449.484443946018,Medium
CASE00514,Civil,Win,230,2302.4092639789205,Low
CASE00515,Criminal,Loss,219,9356.194504491496,High
CASE00516,Civil,Win,28,43798.309157820324,Medium
CASE00517,Civil,Loss,478,28285.482613813703,Medium
CASE00518,Criminal,Loss,434,23144.332532663782,Low
CASE00519,Criminal,Loss,168,5510.158763559766,Low
CASE00520,Criminal,Loss,406,10523.03577515511,Medium
CASE00521,Criminal,Win,120,43664.752818660934,Low
CASE00522,Criminal,Loss,290,38730.649878672026,High
CASE00523,Civil,Loss,164,26575.75582401679,High
CASE00524,Criminal,Win,414,19644.12391098423,Low
CASE00525,Criminal,Loss,202,23215.241985645807,Low
CASE00526,Civil,Loss,407,28570.24715617407,Medium
CASE00527,Criminal,Loss,208,17577.97564892391,High
CASE00528,Criminal,Win,11,14736.643892201828,High
CASE00529,Criminal,Loss,18,4245.585262151553,High
CASE00530,Criminal,Loss,162,44339.199683974635,High
CASE00531,Criminal,Loss,295,38281.45440731873,Low
CASE00532,Criminal,Loss,82,7919.881162411826,Medium
CASE00533,Criminal,Win,272,9320.459141706717,Medium
CASE00534,Civil,Loss,227,34350.05173896149,Low
CASE00535,Criminal,Win,358,35534.00978228324,High
CASE00536,Criminal,Loss,186,45476.47938620643,Medium
CASE00537,Criminal,Win,296,30544.895346021716,Low
CASE00538,Civil,Loss,249,10252.896739110507,High
CASE00539,Civil,Loss,243,37077.72603948726,Low
CASE00540,Civil,Win,20,43176.26646167725,Low
CASE00541,Civil,Loss,106,42830.42798940575,High
CASE00542,Criminal,Win,218,8128.150231803516,Low
CASE00543,Civil,Win,482,5340.823685096139,High
CASE00544,Civil,Loss,165,24467.880258626377,High
CASE00545,Civil,Win,460,19666.02871128467,Low
CASE00546,Criminal,Win,476,8769.730899825918,Low
CASE00547,Civil,Loss,252,14568.129673786307,High
CASE00548,Civil,Win,277,8360.033941845923,High
CASE00549,Criminal,Loss,465,35835.39103399287,Low
CASE00550,Criminal,Win,452,39991.963078379944,Low
CASE00551,Criminal,Loss,394,48675.34740254713,Low
CASE00552,Civil,Loss,439,26142.692680957185,High
CASE00553,Civil,Win,55,35159.0662689979,High
CASE00554,Civil,Loss,383,41525.74708501314,Medium
CASE00555,Criminal,Loss,188,13386.855450452358,High
CASE00556,Criminal,Win,311,30425.72523295883,Medium
CASE00557,Criminal,Loss,452,14750.880746521356,Low
CASE00558,Civil,Loss,78,3253.0368857126587,Low
CASE00559,Civil,Loss,286,25721.744716675737,Low
CASE00560,Criminal,Win,219,22660.176016287016,High
CASE00561,Civil,Loss,55,29873.08788222406,High
CASE00562,Criminal,Win,431,42186.023855463674,Medium
CASE00563,Civil,Loss,176,26686.683436543583,Low
CASE00564,Criminal,Win,72,10754.485303765401,Low
CASE00565,Civil,Loss,182,21653.031348384226,High
CASE00566,Criminal,Win,340,42623.07972860759,Low
CASE00567,Criminal,Loss,281,44133.78762626723,High
CASE00568,Criminal,Loss,431,6410.188224855632,Medium
CASE00569,Civil,Win,353,14049.985572877495,High
CASE00570,Civil,Win,392,7675.700462888748,Low
CASE00571,Civil,Win,423,46666.30911312082,High
CASE00572,Civil,Loss,456,32450.90618483884,High
CASE00573,Criminal,Loss,153,44831.08704547601,High
CASE00574,Civil,Loss,76,39362.918868615256,Medium
CASE00575,Civil,Loss,22,45451.651969570055,Low
CASE00576,Criminal,Win,458,33643.84047925033,High
CASE00577,Criminal,Loss,275,47397.053443150464,High
CASE00578,Civil,Loss,36,35867.06234938126,High
CASE00579,Civil,Loss,189,22277.339434030386,High
CASE00580,Civil,Win,262,22196.431983790593,High
CASE00581,Civil,Loss,11,25142.342787468773,Low
CASE00582,Criminal,Win,334,31662.687815121462,Low
CASE00583,Civil,Win,379,23080.5671059344,Medium
CASE00584,Criminal,Win,97,31505.57458416329,Medium
CASE00585,Criminal,Loss,460,18320.34401374237,Low
CASE00586,Civil,Loss,105,47902.43366074334,High
CASE00587,Civil,Loss,450,29489.114524742916,Medium
CASE00588,Criminal,Loss,283,41231.49031228786,High
CASE00589,Civil,Loss,265,12208.037347729352,Low
CASE00590,Civil,Win,386,11137.586841507504,Low
CASE00591,Civil,Loss,313,19374.23142051399,High
CASE00592,Criminal,Win,178,49342.605835231814,Medium
CASE00593,Criminal,Loss,123,45535.30583708494,Low
CASE00594,Criminal,Loss,396,19624.968939082337,Low
CASE00595,Criminal,Win,98,29118.21712285938,High
CASE00596,Civil,Win,228,32560.718487001774,High
CASE00597,Criminal,Win,329,23848.900251688712,High
CASE00598,Civil,Win,235,13031.465599208212,High
CASE00599,Criminal,Win,31,48197.694842353085,High
CASE00600,Criminal,Win,404,35751.891633573025,Low
CASE00601,Civil,Win,25,16273.25791622776,Low
CASE00602,Criminal,Loss,244,40548.793306277454,High
CASE00603,Civil,Win,358,9423.841593140776,Low
CASE00604,Criminal,Loss,137,36706.74670275566,Medium
CASE00605,Civil,Win,148,8543.500579063468,Low
CASE00606,Criminal,Win,181,29679.10627109295,High
CASE00607,Criminal,Win,74,10938.735989862613,Low
CASE00608,Criminal,Win,12,4106.4119546843995,Low
CASE00609,Civil,Win,198,36158.27137569057,Low
CASE00610,Criminal,Win,350,34207.91008544991,High
CASE00611,Criminal,Loss,101,1118.286577722001,Low
CASE00612,Criminal,Win,96,33611.56321008411,High
CASE00613,Civil,Loss,420,25599.076737543524,High
CASE00614,Criminal,Win,331,37717.3292876449,Low
CASE00615,Criminal,Loss,37,13230.859501280016,Low
CASE00616,Civil,Win,427,29812.354209937348,Low
CASE00617,Criminal,Win,157,19990.891932592633,Medium
CASE00618,Civil,Loss,269,9936.37131461002,Medium
CASE00619,Civil,Loss,188,18628.055635990335,Medium
CASE00620,Civil,Loss,446,23665.516110433895,High
CASE00621,Civil,Win,386,23181.456485866474,Medium
CASE00622,Civil,Loss,225,32803.89514762051,Medium
CASE00623,Civil,Win,110,40840.321574434856,Low
CASE00624,Criminal,Win,271,9596.245522640755,High
CASE00625,Civil,Loss,442,37799.75763934602,Medium
CASE00626,Criminal,Win,427,28160.06405184347,High
CASE00627,Criminal,Win,114,41971.95703889866,High
CASE00628,Criminal,Win,424,41437.58841270754,Medium
CASE00629,Civil,Win,377,40438.24746232661,Medium
CASE00630,Civil,Loss,77,44084.4703831606,Medium
CASE00631,Civil,Win,415,14200.860033587769,High
CASE00632,Civil,Win,464,49204.409501923335,Medium
CASE00633,Civil,Loss,231,9513.763951819765,High
CASE00634,Civil,Loss,47,39876.70773056729,Medium
CASE00635,Criminal,Win,26,19734.407877120764,Low
CASE00636,Criminal,Loss,154,36134.91578541988,Medium
CASE00637,Criminal,Win,38,33163.58421572269,High
CASE00638,Criminal,Win,185,47229.21075087885,Low
CASE00639,Criminal,Win,399,19281.09606132883,Low
CASE00640,Criminal,Loss,415,5913.694683993338,Low
CASE00641,Civil,Loss,173,46299.95146262599,Medium
CASE00642,Civil,Loss,329,21835.317953997706,Low
CASE00643,Civil,Win,95,9106.093333470686,High
CASE00644,Civil,Loss,260,7116.759644762935,High
CASE00645,Civil,Win,285,18631.94583068247,Medium
CASE00646,Criminal,Win,477,9905.158623501433,Low
CASE00647,Civil,Loss,24,40717.10040559414,Low
CASE00648,Criminal,Loss,262,2865.116923122937,Medium
CASE00649,Civil,Win,184,9018.924136688605,Low
CASE00650,Civil,Win,62,41526.73348624205,Medium
CASE00651,Civil,Win,150,26832.93740595636,Medium
CASE00652,Civil,Win,315,35529.84369690942,Low
CASE00653,Civil,Loss,381,49833.65734683104,Medium
CASE00654,Criminal,Win,421,43672.485509077625,High
CASE00655,Criminal,Win,54,31102.594977249293,Low
CASE00656,Criminal,Win,470,24189.55041351159,Low
CASE00657,Civil,Win,488,29349.05759528572,High
CASE00658,Civil,Loss,388,7008.832491189285,Low
CASE00659,Civil,Loss,187,10726.800833468526,High
CASE00660,Criminal,Loss,86,40110.60365075794,Low
CASE00661,Criminal,Win,151,12353.169565061533,Low
CASE00662,Criminal,Loss,192,31760.99653755755,Low
CASE00663,Civil,Loss,474,42457.85438038114,High
CASE00664,Civil,Win,21,5023.792438196989,Medium
CASE00665,Criminal,Loss,170,46722.99736380341,Low
CASE00666,Civil,Win,365,42405.60443913034,Medium
CASE00667,Civil,Loss,269,3885.063634165442,High
CASE00668,Civil,Loss,278,27886.939675642756,Medium
CASE00669,Civil,Win,391,44025.76103109898,High
CASE00670,Civil,Win,181,38714.55270400874,Medium
CASE00671,Civil,Loss,74,29031.771087131732,Medium
CASE00672,Civil,Win,324,29524.991366546157,High
CASE00673,Civil,Win,418,22315.707045376763,Low
CASE00674,Criminal,Win,30,48839.27864950509,Medium
CASE00675,Criminal,Loss,14,9883.849221965482,High
CASE00676,Civil,Loss,306,46418.77231269175,Medium
CASE00677,Civil,Win,25,3709.637525858,High
CASE00678,Civil,Win,61,31621.500393596987,High
CASE00679,Civil,Loss,253,45013.66476849265,Low
CASE00680,Civil,Loss,413,49318.8681217608,Low
CASE00681,Criminal,Win,457,13522.417661758589,Medium
CASE00682,Civil,Win,292,49468.45360465783,Medium
CASE00683,Civil,Win,21,15034.18932458928,Medium
CASE00684,Criminal,Win,70,29198.71674475652,High
CASE00685,Criminal,Win,176,35631.89331950482,Medium
CASE00686,Criminal,Win,85,47562.14809431626,Medium
CASE00687,Criminal,Win,226,33869.3403445334,Low
CASE00688,Civil,Loss,351,20942.74906851496,Medium
CASE00689,Criminal,Win,389,39280.50772638439,Medium
CASE00690,Criminal,Win,387,11670.80187674061,Low
CASE00691,Criminal,Win,479,16320.411089003295,High
CASE00692,Criminal,Win,215,5776.553299609911,High
CASE00693,Civil,Win,309,47953.46123756174,Low
CASE00694,Criminal,Loss,372,32321.31389801856,Medium
CASE00695,Civil,Win,442,32365.07578056128,Low
CASE00696,Civil,Win,190,48400.58659967047,Low
CASE00697,Civil,Win,86,31828.34418892604,Medium
CASE00698,Civil,Win,47,29426.728133021916,Medium
CASE00699,Civil,Loss,59,44699.06124286351,Low
CASE00700,Criminal,Win,136,41384.44593767356,Low
CASE00701,Criminal,Win,415,16284.644522772709,High
CASE00702,Civil,Win,216,49973.48877374303,High
CASE00703,Criminal,Win,454,41316.137967685616,Low
CASE00704,Criminal,Loss,48,6739.454670540088,High
CASE00705,Criminal,Loss,244,41674.9787909907,High
CASE00706,Civil,Loss,448,28143.5800450466,High
CASE00707,Civil,Loss,113,24057.163833892613,High
CASE00708,Criminal,Loss,273,18523.609284636048,Medium
CASE00709,Criminal,Win,217,35489.91030392803,High
CASE00710,Civil,Loss,169,42396.04071508754,Medium
CASE00711,Criminal,Win,99,33946.6534783617,High
CASE00712,Criminal,Win,266,21900.69216435843,Low
CASE00713,Criminal,Loss,265,1125.1164615012717,High
CASE00714,Criminal,Win,192,39331.076850584046,Medium
CASE00715,Criminal,Win,344,17512.473413007334,High
CASE00716,Civil,Loss,461,26884.427739968334,Medium
CASE00717,Civil,Loss,471,29528.00411991345,High
CASE00718,Civil,Loss,469,8776.87167262015,High
CASE00719,Civil,Loss,458,45693.3478849512,High
CASE00720,Civil,Loss,90,8534.06399583798,Low
CASE00721,Criminal,Win,65,46571.89168915856,Low
CASE00722,Criminal,Win,261,31617.471565822965,Medium
CASE00723,Criminal,Win,322,41207.066998164395,High
CASE00724,Criminal,Win,204,23708.49408043226,Medium
CASE00725,Criminal,Win,376,17187.68790531269,High
CASE00726,Criminal,Win,425,37806.8514551906,Low
CASE00727,Criminal,Loss,140,34941.999808322485,Medium
CASE00728,Criminal,Win,375,19654.611662656884,Medium
CASE00729,Civil,Loss,231,41493.825444942464,Medium
CASE00730,Civil,Loss,152,32509.733098992536,Low
CASE00731,Criminal,Loss,70,17127.88226721244,Low
CASE00732,Civil,Loss,459,23091.979035259963,Low
CASE00733,Civil,Win,72,24037.71355909908,Medium
CASE00734,Criminal,Win,225,33206.41294526942,High
CASE00735,Criminal,Loss,483,35444.0609631445,High
CASE00736,Civil,Win,483,40829.07868555545,Low
CASE00737,Civil,Loss,401,14371.374979111408,High
CASE00738,Civil,Win,173,2878.4533454574803,Medium
CASE00739,Civil,Loss,276,48509.7928252732,High
CASE00740,Civil,Win,13,41878.18677975409,High
CASE00741,Criminal,Win,279,36055.3207592335,Medium
CASE00742,Criminal,Win,97,24255.45791270029,High
CASE00743,Civil,Loss,39,20790.97367318659,High
CASE00744,Criminal,Loss,445,48111.90262196907,High
CASE00745,Civil,Win,23,20754.519142949877,Low
CASE00746,Criminal,Win,121,40872.841028865216,Medium
CASE00747,Civil,Loss,255,5375.82449509904,Medium
CASE00748,Civil,Loss,80,32533.135342856982,Medium
CASE00749,Criminal,Win,152,9338.425972683819,High
CASE00750,Criminal,Loss,220,48112.23290020097,High
CASE00751,Criminal,Win,175,38187.98364183285,Low
CASE00752,Civil,Loss,497,18608.9071386094,High
CASE00753,Criminal,Loss,190,47949.439237038074,High
CASE00754,Criminal,Win,259,6802.708411682275,Low
CASE00755,Civil,Win,171,9508.41441606712,Medium
CASE00756,Criminal,Loss,364,5498.4343725275285,High
CASE00757,Civil,Loss,289,3189.1243193897667,High
CASE00758,Civil,Loss,400,43817.17690899733,Low
CASE00759,Civil,Win,59,12706.694843341698,Low
CASE00760,Civil,Loss,341,40119.24726123792,High
CASE00761,Criminal,Loss,256,26310.531496380285,High
CASE00762,Criminal,Win,113,45112.75271542702,High
CASE00763,Criminal,Win,462,27074.40112041283,Low
CASE00764,Criminal,Win,46,41606.73303782889,Medium
CASE00765,Criminal,Win,107,28510.46308189079,Medium
CASE00766,Criminal,Win,449,16860.55245191195,Low
CASE00767,Civil,Win,115,15435.411205260258,Medium
CASE00768,Criminal,Win,264,28581.60738170893,Low
CASE00769,Civil,Loss,15,35628.81482174506,Low
CASE00770,Civil,Win,200,26985.859057268877,Medium
CASE00771,Criminal,Win,391,41838.77784572315,Medium
CASE00772,Civil,Win,162,13433.723605340627,Low
CASE00773,Criminal,Loss,27,7057.332404995704,High
CASE00774,Civil,Win,290,21858.872430378375,Medium
CASE00775,Criminal,Win,438,1753.3673825551602,Medium
CASE00776,Civil,Win,126,16021.805480860028,Low
CASE00777,Criminal,Loss,296,45342.982528634115,High
CASE00778,Criminal,Loss,147,13823.304707135887,High
CASE00779,Civil,Loss,215,45537.500705398736,Medium
CASE00780,Criminal,Win,178,44314.606417183946,Low
CASE00781,Civil,Loss,84,18798.740753241127,High
CASE00782,Civil,Win,326,19708.77150623049,High
CASE00783,Civil,Loss,150,13677.217947057177,Low
CASE00784,Criminal,Win,26,31877.655533326386,Medium
CASE00785,Civil,Win,306,47740.278239519575,High
CASE00786,Civil,Loss,332,7774.435597513397,High
CASE00787,Civil,Win,460,16466.421221661163,Medium
CASE00788,Criminal,Loss,14,9497.684151818281,High
CASE00789,Criminal,Win,339,9312.470748337608,High
CASE00790,Civil,Loss,239,49537.96048428474,High
CASE00791,Civil,Win,493,16377.738841719969,Medium
CASE00792,Civil,Loss,235,12264.155032327628,High
CASE00793,Criminal,Win,442,18783.60107695184,Medium
CASE00794,Criminal,Win,229,34895.07270303726,Medium
CASE00795,Civil,Win,225,33809.215935247084,High
CASE00796,Civil,Loss,252,2846.471882369795,High
CASE00797,Civil,Win,230,11815.538632354655,High
CASE00798,Criminal,Win,335,34464.57773509559,Low
CASE00799,Criminal,Loss,98,3781.038872517469,Medium
CASE00800,Civil,Win,232,46429.369887334455,Low
CASE00801,Civil,Loss,110,5842.016555530613,Medium
CASE00802,Criminal,Win,129,13522.017149236388,Medium
CASE00803,Civil,Loss,238,27724.039603832258,Medium
CASE00804,Civil,Win,375,18773.613119400074,Low
CASE00805,Criminal,Loss,372,41164.509945601756,Low
CASE00806,Civil,Win,172,28247.702302067166,Medium
CASE00807,Criminal,Loss,42,11621.701435730636,Medium
CASE00808,Civil,Win,49,38432.85481795889,Low
CASE00809,Criminal,Win,152,24897.974662201214,Medium
CASE00810,Civil,Win,437,9374.530850630166,Low
CASE00811,Criminal,Win,70,16087.209048247289,High
CASE00812,Criminal,Loss,79,19057.037179860654,High
CASE00813,Criminal,Win,397,8935.511182211343,Medium
CASE00814,Civil,Loss,436,29905.06448920512,Low
CASE00815,Criminal,Loss,61,37562.54804140369,High
CASE00816,Criminal,Loss,210,33117.03690431786,Low
CASE00817,Criminal,Loss,74,10282.187234611523,Medium
CASE00818,Criminal,Loss,56,13035.01005113785,Medium
CASE00819,Criminal,Win,139,17441.98258339074,High
CASE00820,Criminal,Win,65,7490.462400146776,High
CASE00821,Civil,Win,362,38454.959416525344,Medium
CASE00822,Civil,Win,363,34775.24843191615,Low
CASE00823,Civil,Loss,471,7401.537887967692,High
CASE00824,Criminal,Win,21,1845.1228694551319,High
CASE00825,Civil,Loss,375,49502.704193955695,High
CASE00826,Civil,Win,366,22652.4868676414,High
CASE00827,Civil,Loss,203,35581.130894744005,Low
CASE00828,Civil,Loss,321,10865.887641923604,Medium
CASE00829,Criminal,Loss,249,40333.822932950934,High
CASE00830,Civil,Loss,161,29052.342289320353,Medium
CASE00831,Civil,Win,325,12617.694663067075,Low
CASE00832,Civil,Win,49,45129.277443298095,High
CASE00833,Civil,Loss,113,31352.583574574623,Low
CASE00834,Civil,Win,277,48120.7508567608,Low
CASE00835,Civil,Win,184,49170.656521743156,Medium
CASE00836,Civil,Loss,165,22191.03677025486,High
CASE00837,Civil,Loss,301,32615.5964849589,Medium
CASE00838,Civil,Win,343,5971.212577164357,High
CASE00839,Criminal,Loss,28,42251.445118267926,Medium
CASE00840,Criminal,Win,33,32638.537853793758,High
CASE00841,Criminal,Loss,44,21898.990945438392,High
CASE00842,Civil,Loss,391,17385.816795076436,High
CASE00843,Criminal,Win,158,28567.641219852016,Low
CASE00844,Criminal,Loss,185,30103.41085294718,Low
CASE00845,Criminal,Loss,289,10704.72712229054,Low
CASE00846,Criminal,Win,378,5753.3232777029025,Low
CASE00847,Civil,Win,194,6824.606199486513,High
CASE00848,Civil,Loss,357,20526.157239358225,High
CASE00849,Civil,Loss,399,48902.37171511817,Medium
CASE00850,Criminal,Loss,417,32876.368042605376,Medium
CASE00851,Civil,Win,309,44108.08720587514,Medium
CASE00852,Civil,Loss,63,3383.9698530567675,High
CASE00853,Criminal,Loss,39,1407.6849201252344,Medium
CASE00854,Criminal,Loss,441,14359.29434080036,Low
CASE00855,Criminal,Win,81,2445.5141992961653,High
CASE00856,Criminal,Win,131,10324.377737120562,Low
CASE00857,Civil,Loss,366,27418.609485625086,High
CASE00858,Criminal,Win,467,8133.610662444282,Low
CASE00859,Criminal,Win,472,20372.354970930108,Low
CASE00860,Criminal,Loss,68,22879.69936800296,Medium
CASE00861,Criminal,Win,236,6232.680098228753,High
CASE00862,Civil,Win,303,11765.904507013598,Low
CASE00863,Civil,Loss,407,18767.22923635121,Medium
CASE00864,Civil,Loss,397,13171.188705219593,Low
CASE00865,Criminal,Win,342,11257.791006099013,Medium
CASE00866,Civil,Win,167,34410.88036103267,High
CASE00867,Criminal,Win,419,28630.344306736173,Low
CASE00868,Civil,Win,380,28025.64421039665,High
CASE00869,Criminal,Win,240,30380.798385306818,Medium
CASE00870,Civil,Loss,63,46051.34645698105,Medium
CASE00871,Civil,Loss,431,25914.803260193592,Low
CASE00872,Civil,Win,127,8258.81157438521,High
CASE00873,Criminal,Win,194,21427.38418638615,High
CASE00874,Civil,Loss,230,9612.675244784697,High
CASE00875,Civil,Win,307,6651.576584747793,Medium
CASE00876,Civil,Loss,102,10874.70920168723,Medium
CASE00877,Criminal,Win,249,5839.403858223849,Low
CASE00878,Civil,Win,425,26832.02625440605,Low
CASE00879,Criminal,Win,337,48332.6536688947,Low
CASE00880,Criminal,Loss,111,7889.839150008115,High
CASE00881,Civil,Loss,210,45566.129972273804,High
CASE00882,Criminal,Win,219,43301.172757932836,High
CASE00883,Civil,Loss,307,43697.5175939099,High
CASE00884,Criminal,Loss,31,3641.2189142643656,High
CASE00885,Civil,Loss,210,7796.074359785772,Low
CASE00886,Civil,Win,485,24995.941292435426,High
CASE00887,Civil,Win,426,38285.75434420591,Medium
CASE00888,Criminal,Win,292,24144.424986243936,Medium
CASE00889,Criminal,Loss,125,47516.30960060672,Low
CASE00890,Criminal,Loss,474,44221.51085298419,High
CASE00891,Criminal,Win,361,14605.857729696443,Low
CASE00892,Criminal,Win,11,46328.4232991147,High
CASE00893,Criminal,Win,112,12826.090949529756,Low
CASE00894,Civil,Win,129,22609.58722320101,High
CASE00895,Criminal,Win,134,16638.589314459052,Medium
CASE00896,Criminal,Loss,157,11228.031833129797,Medium
CASE00897,Criminal,Win,454,46264.321520439975,High
CASE00898,Civil,Loss,210,28891.61780587507,Medium
CASE00899,Civil,Win,29,1187.236843952733,Medium
CASE00900,Criminal,Loss,298,46943.98269044838,Medium
CASE00901,Civil,Win,468,16912.306740523272,Medium
CASE00902,Criminal,Loss,358,33719.79811890221,Medium
CASE00903,Civil,Win,77,12645.711680045788,Medium
CASE00904,Criminal,Loss,44,12397.13718541353,High
CASE00905,Criminal,Win,29,36223.098937353505,Low
CASE00906,Civil,Loss,66,11832.323286841085,High
CASE00907,Criminal,Win,92,19651.148475738537,Medium
CASE00908,Criminal,Win,413,40570.42752650523,Low
CASE00909,Civil,Win,255,2813.9530490957186,High
CASE00910,Civil,Loss,317,44250.46146234819,Medium
CASE00911,Civil,Loss,204,9371.168341709488,High
CASE00912,Civil,Win,22,34630.68923711225,Low
CASE00913,Criminal,Win,409,11508.896709769211,High
CASE00914,Criminal,Loss,356,15092.638389544041,Low
CASE00915,Civil,Loss,65,8014.921358850992,High
CASE00916,Civil,Loss,197,19870.81073707787,Medium
CASE00917,Civil,Win,129,7929.987617427941,Medium
CASE00918,Civil,Win,444,9399.387981837968,Medium
CASE00919,Civil,Win,418,14850.598083170213,Medium
CASE00920,Civil,Win,296,7910.844400205929,High
CASE00921,Criminal,Loss,296,31167.823341929718,Medium
CASE00922,Criminal,Loss,451,21042.935472401845,Medium
CASE00923,Civil,Loss,374,35544.3021027371,Low
CASE00924,Civil,Loss,124,5599.26875294033,High
CASE00925,Civil,Loss,72,48479.57952303256,Medium
CASE00926,Criminal,Win,150,14102.978760517268,Low
CASE00927,Civil,Loss,467,39968.464584476314,Medium
CASE00928,Criminal,Win,357,7268.678833350503,Medium
CASE00929,Criminal,Loss,358,27458.595328719566,High
CASE00930,Civil,Win,231,36933.4751634615,Low
CASE00931,Criminal,Loss,237,10751.040530477816,Medium
CASE00932,Civil,Loss,259,30306.672604182168,Low
CASE00933,Criminal,Win,236,29291.282090346813,High
CASE00934,Civil,Win,81,5699.649374041531,Low
CASE00935,Criminal,Loss,174,20092.97925981294,High
CASE00936,Civil,Loss,440,10681.995402295426,High
CASE00937,Civil,Win,28,32645.415892596837,Low
CASE00938,Criminal,Win,360,1320.1667686294545,High
CASE00939,Criminal,Win,345,21232.904747646913,Low
CASE00940,Civil,Win,357,5358.06141114186,Low
CASE00941,Civil,Loss,499,34443.78816874518,High
CASE00942,Civil,Win,453,48835.54466544767,Medium
CASE00943,Criminal,Loss,315,14375.796999033593,High
CASE00944,Criminal,Loss,144,7239.868374838866,Low
CASE00945,Civil,Loss,200,3724.9694794520765,Low
CASE00946,Civil,Win,494,29136.22514293481,Low
CASE00947,Civil,Loss,53,18182.51561663914,High
CASE00948,Civil,Win,292,45412.012158472695,Medium
CASE00949,Civil,Loss,407,11410.483070243208,High
CASE00950,Criminal,Win,113,4045.043162900828,Low
CASE00951,Criminal,Loss,491,22302.317319858743,Low
CASE00952,Civil,Loss,495,37718.3948559985,Low
CASE00953,Criminal,Win,423,22188.40411541849,Low
CASE00954,Civil,Win,12,45632.24886931574,Medium
CASE00955,Civil,Win,26,39144.84866193667,High
CASE00956,Civil,Win,496,2986.1581291294283,Low
CASE00957,Civil,Loss,204,42639.802174493605,Medium
CASE00958,Criminal,Win,103,27777.704720135753,High
CASE00959,Civil,Loss,167,25836.474555935583,Low
CASE00960,Criminal,Win,477,23446.41508183105,High
CASE00961,Civil,Loss,373,3096.679739166364,Medium
CASE00962,Civil,Win,142,27271.89577978909,Medium
CASE00963,Criminal,Loss,55,33258.99620758499,Low
CASE00964,Civil,Win,437,13216.79315356164,Medium
CASE00965,Civil,Win,62,31945.71290195163,High
CASE00966,Civil,Win,394,15189.284683688034,High
CASE00967,Criminal,Loss,475,49450.007523773966,High
CASE00968,Criminal,Win,56,19930.1987570064,Low
CASE00969,Criminal,Loss,100,5027.676783499026,High
CASE00970,Criminal,Win,257,13290.029866905106,Low
CASE00971,Civil,Loss,425,40007.44253144847,Medium
CASE00972,Civil,Loss,494,43879.10694514983,Medium
CASE00973,Criminal,Loss,316,2297.435860132443,Medium
CASE00974,Criminal,Win,457,28325.841894212474,Medium
CASE00975,Civil,Loss,111,4830.87612204945,High
CASE00976,Criminal,Win,77,8146.665379622048,Medium
CASE00977,Civil,Win,54,39226.09922844049,Low
CASE00978,Civil,Loss,427,10186.99102974197,Low
CASE00979,Criminal,Loss,476,24779.425719770014,High
CASE00980,Civil,Win,280,25608.255935784953,Medium
CASE00981,Criminal,Loss,489,36972.72766646684,Medium
CASE00982,Civil,Win,149,32964.018045171615,Medium
CASE00983,Civil,Loss,498,41882.92064567152,Low
CASE00984,Criminal,Win,344,35437.75345601315,Low
CASE00985,Civil,Win,226,10525.373093757093,Low
CASE00986,Criminal,Win,154,13279.119767492617,Low
CASE00987,Criminal,Loss,281,41674.43612928092,Low
CASE00988,Civil,Loss,256,38161.31462627222,High
CASE00989,Criminal,Loss,96,42003.050746481465,Low
CASE00990,Criminal,Win,45,38018.26812862606,Medium
CASE00991,Criminal,Loss,378,30001.975666281647,Medium
CASE00992,Criminal,Win,158,33572.52556715846,High
CASE00993,Civil,Loss,246,12712.857183507705,Medium
CASE00994,Criminal,Loss,18,14933.298532303856,High
CASE00995,Civil,Loss,162,7315.037202020046,Medium
CASE00996,Criminal,Loss,456,11119.256828479003,High
CASE00997,Civil,Win,395,14217.985972198838,Medium
CASE00998,Civil,Win,101,15131.564586865536,Medium
CASE00999,Civil,Win,131,27449.97070041624,Medium
CASE01000,Civil,Loss,211,38108.63847309745,High
