CaseID,CaseType,Outcome,Duration,LegalCost,Complexity
CASE000001,Civil,Win,400,4106.567868418726,Low
CASE000002,Civil,Win,151,9169.791487510189,Medium
CASE000003,Civil,Win,252,36463.64234119614,Low
CASE000004,Criminal,Loss,261,7499.887593285954,Medium
CASE000005,Civil,Loss,338,16891.25974435283,Medium
CASE000006,Civil,Loss,241,25430.87851050168,Low
CASE000007,Civil,Win,241,25291.85045822604,Low
CASE000008,Criminal,Loss,113,21961.103046845026,High
CASE000009,Civil,Win,116,18539.375301064912,Low
CASE000010,Criminal,Loss,116,8769.758494805825,High
CASE000011,Criminal,Win,154,14270.880743836951,Low
CASE000012,Criminal,Win,395,24392.483349268772,Medium
CASE000013,Civil,Win,409,49314.230132439414,Low
CASE000014,Civil,Win,131,5233.350742859041,Low
CASE000015,Criminal,Win,74,41994.65797011999,Low
CASE000016,Criminal,Win,370,35810.354564519206,High
CASE000017,Criminal,Win,416,20681.204450683887,Low
CASE000018,Civil,Loss,455,34501.43269520992,Medium
CASE000019,Criminal,Win,435,48048.32350410565,High
CASE000020,Criminal,Win,274,28427.383678655762,High
CASE000021,Criminal,Loss,309,47726.56214547043,Low
CASE000022,Civil,Win,391,37255.45679533511,Low
CASE000023,Civil,Win,351,37777.94077177881,Low
CASE000024,Criminal,Loss,181,43211.339795870015,High
CASE000025,Civil,Loss,230,44143.13176034878,Medium
CASE000026,Criminal,Win,441,21495.87934034552,High
CASE000027,Civil,Win,488,14643.663005478804,Medium
CASE000028,Criminal,Loss,105,47231.65818249253,Medium
CASE000029,Criminal,Loss,263,25513.693431255302,Low
CASE000030,Civil,Win,317,13987.055656421864,High
CASE000031,Criminal,Win,214,23086.160910750434,Medium
CASE000032,Civil,Win,179,8466.212445087498,Low
CASE000033,Civil,Win,65,10931.733530917616,Low
CASE000034,Civil,Win,439,38471.37324065561,Medium
CASE000035,Criminal,Win,422,43709.05079807716,High
CASE000036,Civil,Loss,199,43005.0372737948,Medium
CASE000037,Civil,Win,77,46060.38568298717,Low
CASE000038,Civil,Win,113,18753.85991942318,Low
CASE000039,Civil,Win,79,47376.139784006395,Medium
CASE000040,Civil,Loss,162,45462.2535834484,High
CASE000041,Civil,Win,252,15161.205346716953,High
CASE000042,Civil,Win,80,34177.42956126709,Medium
CASE000043,Civil,Loss,64,24991.921023527146,High
CASE000044,Civil,Win,469,14575.228000537312,Low
CASE000045,Civil,Win,457,12054.79644984267,Low
CASE000046,Civil,Win,146,47697.4973750801,High
CASE000047,Civil,Win,428,48054.52645395358,Low
CASE000048,Criminal,Loss,163,29741.843539979345,Low
CASE000049,Civil,Loss,466,27727.718942071366,Medium
CASE000050,Civil,Loss,186,17931.343828739096,Low
CASE000051,Civil,Win,489,33859.72538084308,Low
CASE000052,Civil,Loss,279,48459.06750728823,High
CASE000053,Civil,Win,220,17725.680945553046,Low
CASE000054,Civil,Win,427,30977.848416573648,High
CASE000055,Criminal,Loss,168,25120.64136017454,Low
CASE000056,Civil,Loss,318,47673.07013567538,Medium
CASE000057,Criminal,Win,412,14310.552481888664,Medium
CASE000058,Civil,Win,393,32728.844328986594,High
CASE000059,Criminal,Loss,161,39025.08273561422,Medium
CASE000060,Civil,Loss,353,36372.12034580248,High
CASE000061,Civil,Win,192,31827.296685012832,Low
CASE000062,Civil,Loss,271,16716.037125823128,Medium
CASE000063,Civil,Win,403,11541.39298285622,Medium
CASE000064,Civil,Win,254,18381.55007247717,Low
CASE000065,Criminal,Win,435,1035.4740201330624,High
CASE000066,Criminal,Loss,287,7660.741034252673,Medium
CASE000067,Civil,Loss,240,13578.86977417711,High
CASE000068,Civil,Win,176,33041.46868620733,Low
CASE000069,Civil,Win,360,22377.31454885585,Low
CASE000070,Civil,Win,228,34847.97441367281,Low
CASE000071,Civil,Win,123,5963.644480101682,Medium
CASE000072,Criminal,Loss,328,38758.765640752856,Medium
CASE000073,Civil,Win,339,35374.86271345767,High
CASE000074,Criminal,Loss,78,13400.310665713643,High
CASE000075,Civil,Win,219,27171.711870970652,Medium
CASE000076,Criminal,Win,471,12813.515727326441,High
CASE000077,Criminal,Win,316,19374.88190284742,Medium
CASE000078,Criminal,Win,258,28456.79670578406,High
CASE000079,Criminal,Loss,185,2689.459869454625,Medium
CASE000080,Criminal,Loss,316,26904.725206294515,Low
CASE000081,Civil,Win,98,12524.466722275925,Medium
CASE000082,Criminal,Win,323,49117.41408838433,Medium
CASE000083,Civil,Loss,342,38689.241141821876,Low
CASE000084,Criminal,Loss,232,9908.145818777224,Medium
CASE000085,Criminal,Loss,152,12154.580382878547,Medium
CASE000086,Civil,Win,248,10129.920694401706,Medium
CASE000087,Criminal,Loss,330,33724.72666837639,Low
CASE000088,Criminal,Win,35,40039.13345217423,Low
CASE000089,Criminal,Win,442,46955.587811905694,Low
CASE000090,Criminal,Loss,270,26582.52413867812,Medium
CASE000091,Civil,Loss,398,17441.419758245927,Medium
CASE000092,Civil,Win,124,40193.05918461604,Medium
CASE000093,Civil,Loss,176,17062.247726231235,High
CASE000094,Criminal,Win,139,27728.572114475497,High
CASE000095,Civil,Win,197,23517.23136574045,Medium
CASE000096,Civil,Win,383,44402.37722865323,Low
CASE000097,Civil,Win,397,25742.542257710644,High
CASE000098,Criminal,Loss,70,31584.451782000928,High
CASE000099,Criminal,Win,51,32290.55649634691,Medium
CASE000100,Criminal,Win,292,47105.95480896129,Medium
CASE000101,Criminal,Win,324,47895.43936028284,Medium
CASE000102,Civil,Loss,443,5839.377933780769,Low
CASE000103,Civil,Loss,90,41742.083283581764,Medium
CASE000104,Civil,Win,163,31492.70870608692,Medium
CASE000105,Civil,Loss,83,39959.54106499224,Medium
CASE000106,Criminal,Loss,333,41888.556410675505,High
CASE000107,Civil,Win,142,44458.411470021274,High
CASE000108,Civil,Loss,412,36826.48417328418,Medium
CASE000109,Civil,Win,93,2263.716790376997,High
CASE000110,Civil,Win,140,42210.268776695586,Low
CASE000111,Civil,Win,442,31519.875374002255,Medium
CASE000112,Criminal,Loss,363,38554.8659118512,Medium
CASE000113,Civil,Win,71,27214.299884390537,Medium
CASE000114,Civil,Win,484,3879.1096720640635,High
CASE000115,Criminal,Win,248,11664.288187625756,Low
CASE000116,Criminal,Loss,115,22306.939155707852,Medium
CASE000117,Criminal,Loss,389,20495.86402296208,Medium
CASE000118,Civil,Win,302,6590.029361451961,Low
CASE000119,Civil,Win,183,10140.275432621036,Medium
CASE000120,Criminal,Win,390,40039.24430535445,Low
CASE000121,Criminal,Win,129,25415.977666684317,Medium
CASE000122,Civil,Loss,293,3938.4690648949104,High
CASE000123,Criminal,Win,100,26146.455894443083,Medium
CASE000124,Criminal,Win,106,17550.388269766318,Low
CASE000125,Criminal,Win,464,3130.685185629286,Low
CASE000126,Civil,Win,217,48916.84657989318,Medium
CASE000127,Criminal,Win,106,20811.299010893883,High
CASE000128,Civil,Win,304,45381.011484128074,High
CASE000129,Civil,Win,291,31120.042019690314,Medium
CASE000130,Criminal,Win,45,34823.46248027381,Low
CASE000131,Criminal,Win,127,39673.39623693009,Low
CASE000132,Criminal,Loss,70,46013.239518691815,Low
CASE000133,Civil,Loss,189,18352.98253919543,Low
CASE000134,Civil,Loss,243,45216.99000824129,High
CASE000135,Civil,Win,348,26312.32616110682,High
CASE000136,Civil,Loss,426,21926.520205580284,Medium
CASE000137,Criminal,Loss,334,26749.353574707606,Medium
CASE000138,Civil,Loss,143,14427.09831515302,Low
CASE000139,Criminal,Loss,230,38487.65687291871,High
CASE000140,Criminal,Win,264,11770.333402300184,High
CASE000141,Criminal,Win,453,26675.164028204188,High
CASE000142,Criminal,Win,103,28689.883503587283,High
CASE000143,Criminal,Loss,146,30199.569887860547,Medium
CASE000144,Criminal,Win,38,38435.84048623074,High
CASE000145,Civil,Loss,210,21878.390174850734,Low
CASE000146,Civil,Win,64,45488.974135668046,Medium
CASE000147,Civil,Win,231,35200.860940336584,Medium
CASE000148,Civil,Win,110,13716.30752898726,Medium
CASE000149,Civil,Win,129,14141.0924659917,Low
CASE000150,Criminal,Win,347,41925.93355402506,Medium
CASE000151,Criminal,Loss,219,45661.14313166433,Medium
CASE000152,Civil,Win,276,44505.964882874374,Medium
CASE000153,Civil,Win,108,19811.607751311323,Medium
CASE000154,Civil,Win,188,39437.42994539837,High
CASE000155,Criminal,Win,435,5129.079781144759,High
CASE000156,Criminal,Loss,155,45720.88363399277,Medium
CASE000157,Criminal,Win,46,38960.7196838607,Medium
CASE000158,Criminal,Win,476,14413.268852774736,Medium
CASE000159,Civil,Win,109,37457.74943237333,High
CASE000160,Civil,Win,102,1597.1409361536264,Medium
CASE000161,Civil,Win,331,32345.029372492136,High
CASE000162,Criminal,Win,369,4042.102562830935,Medium
CASE000163,Criminal,Win,373,23581.32011346762,High
CASE000164,Civil,Loss,169,2135.562204464169,Low
CASE000165,Criminal,Win,494,14922.38729276066,High
CASE000166,Civil,Win,298,28612.78611720826,High
CASE000167,Civil,Win,341,2793.672535417397,High
CASE000168,Criminal,Win,200,47770.594797707716,Medium
CASE000169,Criminal,Win,180,30582.249623147018,Low
CASE000170,Civil,Win,40,38370.79223325422,Medium
CASE000171,Criminal,Loss,199,40709.09056445559,Low
CASE000172,Civil,Loss,358,32623.692821792105,Medium
CASE000173,Criminal,Loss,477,39132.57116224741,Low
CASE000174,Criminal,Loss,452,43440.78529975058,Medium
CASE000175,Criminal,Win,440,19932.21423387669,Low
CASE000176,Criminal,Loss,313,25504.2220221846,High
CASE000177,Civil,Loss,485,30241.36287891237,Low
CASE000178,Civil,Loss,391,6199.970881089935,Medium
CASE000179,Civil,Loss,464,28435.664797411187,Low
CASE000180,Criminal,Win,225,30512.50105644618,Low
CASE000181,Criminal,Loss,70,8282.062473506414,Low
CASE000182,Criminal,Win,414,2687.127625651493,Low
CASE000183,Civil,Win,96,37350.34022873409,High
CASE000184,Civil,Loss,292,11825.6296206177,Medium
CASE000185,Criminal,Loss,78,25247.456875963682,High
CASE000186,Criminal,Win,399,15722.545572326026,Low
CASE000187,Criminal,Loss,335,39036.43051571781,Low
CASE000188,Civil,Loss,110,6404.38195545721,High
CASE000189,Civil,Loss,459,30297.17891562454,Low
CASE000190,Criminal,Loss,403,48548.71233857926,High
CASE000191,Criminal,Win,489,1310.2931833890825,High
CASE000192,Criminal,Loss,60,13960.59323060246,Medium
CASE000193,Civil,Win,466,29851.67325465939,Low
CASE000194,Criminal,Loss,35,4557.267006861257,High
CASE000195,Civil,Loss,394,46831.18540403419,Low
CASE000196,Civil,Win,221,49486.34223585729,High
CASE000197,Civil,Win,399,7416.174342128943,High
CASE000198,Civil,Win,447,24962.661088654797,Medium
CASE000199,Civil,Win,281,43955.46739278351,High
CASE000200,Civil,Win,99,13181.785606548008,Low
CASE000201,Civil,Loss,326,16384.836360270456,Low
CASE000202,Civil,Loss,287,8728.158598626651,Medium
CASE000203,Civil,Loss,420,23852.950497421836,Low
CASE000204,Criminal,Loss,373,43683.28576138067,High
CASE000205,Civil,Loss,44,18456.214928994097,Medium
CASE000206,Civil,Loss,40,46466.824707762265,Medium
CASE000207,Criminal,Win,483,19104.418556872297,Low
CASE000208,Criminal,Loss,147,8743.033552335126,High
CASE000209,Criminal,Win,269,18771.443424429806,Medium
CASE000210,Criminal,Loss,277,20759.410872965374,High
CASE000211,Criminal,Loss,90,27324.647916687096,Low
CASE000212,Civil,Win,256,14505.819385960147,High
CASE000213,Civil,Win,47,34890.53825894619,Low
CASE000214,Criminal,Win,35,23167.450872004854,High
CASE000215,Criminal,Win,410,21097.278210454515,Medium
CASE000216,Civil,Win,260,31746.24607006721,Low
CASE000217,Criminal,Win,465,44074.732024237186,Low
CASE000218,Civil,Loss,145,38289.710673120666,Medium
CASE000219,Criminal,Win,262,14195.724036347392,High
CASE000220,Criminal,Win,61,26930.479220895253,Medium
CASE000221,Civil,Loss,167,11661.317196182581,High
CASE000222,Civil,Loss,309,36133.71014263293,Low
CASE000223,Criminal,Win,314,30465.585202200327,High
CASE000224,Criminal,Win,37,40439.90968792519,High
CASE000225,Civil,Loss,468,7543.58653196633,High
CASE000226,Civil,Loss,476,29537.207859848364,Medium
CASE000227,Civil,Win,314,30229.04644587978,Medium
CASE000228,Criminal,Win,175,10670.950983931436,Low
CASE000229,Criminal,Win,67,20376.37438787678,Medium
CASE000230,Criminal,Win,61,21316.05559932537,Low
CASE000231,Criminal,Loss,452,34044.501608084014,Medium
CASE000232,Criminal,Win,430,37004.9601037404,Medium
CASE000233,Civil,Win,100,46195.509216046004,Medium
CASE000234,Civil,Win,454,4328.482910469952,Low
CASE000235,Civil,Win,90,21228.545739887988,High
CASE000236,Civil,Win,365,35645.58090266567,High
CASE000237,Criminal,Win,399,19293.1429181693,High
CASE000238,Civil,Win,192,42871.18948858444,High
CASE000239,Civil,Loss,142,35301.36133087902,Low
CASE000240,Criminal,Loss,250,6460.031467047165,Medium
CASE000241,Civil,Win,138,31152.53942273619,Medium
CASE000242,Criminal,Win,369,2365.0535472189586,Medium
CASE000243,Criminal,Loss,98,41534.905716314955,Medium
CASE000244,Civil,Win,70,33906.23106842154,Medium
CASE000245,Civil,Win,435,22806.359928550046,Medium
CASE000246,Criminal,Loss,463,20897.7865134934,Low
CASE000247,Civil,Loss,126,2718.6199751415024,Medium
CASE000248,Civil,Loss,295,32150.89721089097,Low
CASE000249,Criminal,Loss,262,27859.110471173997,High
CASE000250,Civil,Win,484,44675.7112624329,High
CASE000251,Criminal,Win,312,46699.32415839535,High
CASE000252,Civil,Loss,436,3598.9846509082313,Medium
CASE000253,Civil,Win,153,35571.89106046426,High
CASE000254,Criminal,Win,113,22171.758333340975,Medium
CASE000255,Criminal,Win,90,30254.507568064764,Low
CASE000256,Criminal,Win,123,21960.65036011773,High
CASE000257,Civil,Loss,368,17822.189964703844,Medium
CASE000258,Criminal,Loss,68,1953.6890039365771,High
CASE000259,Civil,Win,217,8452.20539876865,Low
CASE000260,Civil,Win,234,25661.201818161007,High
CASE000261,Civil,Loss,283,25194.06271709964,High
CASE000262,Civil,Loss,315,16149.013763579447,Low
CASE000263,Civil,Win,485,38415.40643697117,High
CASE000264,Civil,Win,321,48760.8163607616,Medium
CASE000265,Criminal,Win,244,19228.084840476517,High
CASE000266,Civil,Win,52,6743.244191089436,High
CASE000267,Civil,Loss,169,32613.881219595376,Low
CASE000268,Criminal,Win,351,34469.72345204425,Low
CASE000269,Civil,Loss,173,48962.2507177799,Medium
CASE000270,Civil,Win,318,18776.481358428817,High
CASE000271,Civil,Win,313,7792.485612560945,Medium
CASE000272,Criminal,Win,459,23621.764614030242,Medium
CASE000273,Civil,Win,98,19884.45928279457,Low
CASE000274,Criminal,Loss,155,28276.962953942104,High
CASE000275,Civil,Loss,160,12131.788548822475,High
CASE000276,Civil,Loss,348,22637.690845302634,Medium
CASE000277,Criminal,Win,54,13112.53699154252,High
CASE000278,Civil,Loss,120,5011.783450280666,Medium
CASE000279,Criminal,Win,335,11441.533525599158,Low
CASE000280,Civil,Loss,143,17053.256586483716,Low
CASE000281,Criminal,Win,178,40257.10468796952,Medium
CASE000282,Criminal,Loss,57,9462.52182585196,Medium
CASE000283,Criminal,Win,494,22474.562420340364,Low
CASE000284,Civil,Win,299,48918.63876992188,High
CASE000285,Civil,Loss,362,32646.472974002074,Medium
CASE000286,Civil,Win,279,40302.01687993702,High
CASE000287,Criminal,Win,264,6283.755988709647,Low
CASE000288,Civil,Loss,78,30936.341447218365,Medium
CASE000289,Civil,Loss,416,26501.52361185246,High
CASE000290,Civil,Loss,303,17810.442347028227,Medium
CASE000291,Criminal,Loss,94,9340.763645891393,High
CASE000292,Criminal,Loss,222,12619.737588712012,Medium
CASE000293,Criminal,Loss,162,8147.364085758669,Low
CASE000294,Criminal,Win,498,41169.885599898,High
CASE000295,Civil,Win,164,11627.844084664632,Low
CASE000296,Criminal,Win,156,8650.366771944447,Low
CASE000297,Criminal,Win,233,40197.58983061488,Low
CASE000298,Civil,Loss,466,46214.054806871536,High
CASE000299,Civil,Loss,333,33603.13377313265,Low
CASE000300,Criminal,Win,165,34532.71006848955,High
CASE000301,Criminal,Loss,164,17775.80788093092,Low
CASE000302,Civil,Win,189,5219.182220220314,High
CASE000303,Civil,Win,428,36033.72661834248,High
CASE000304,Criminal,Win,432,49477.07872298332,High
CASE000305,Criminal,Win,72,11818.380300882514,Low
CASE000306,Criminal,Win,418,14768.162496819961,High
CASE000307,Civil,Win,78,9321.923793436592,Low
CASE000308,Criminal,Win,242,49023.177939953806,High
CASE000309,Civil,Win,448,27062.315112139826,Low
CASE000310,Criminal,Win,175,44735.494621433434,High
CASE000311,Civil,Win,95,2770.5572093246783,Low
CASE000312,Civil,Win,393,10711.068946438645,Medium
CASE000313,Civil,Win,204,30159.420954284542,Low
CASE000314,Criminal,Loss,37,22294.286019751537,High
CASE000315,Criminal,Win,329,37846.32263269422,Low
CASE000316,Criminal,Loss,382,30425.799108037096,Low
CASE000317,Civil,Loss,212,17742.39237087911,High
CASE000318,Civil,Loss,156,11069.136757995797,High
CASE000319,Civil,Win,249,20617.569588572827,Medium
CASE000320,Criminal,Loss,447,8144.228064068896,High
CASE000321,Civil,Loss,297,47655.34202279789,High
CASE000322,Criminal,Win,495,18346.306160127086,Medium
CASE000323,Civil,Win,419,18863.452860208352,High
CASE000324,Civil,Loss,119,46966.96945683736,High
CASE000325,Criminal,Win,154,30073.322072884414,Medium
CASE000326,Criminal,Win,335,1286.2588652913998,Medium
CASE000327,Criminal,Win,238,17940.328089316285,High
CASE000328,Criminal,Win,404,3055.1395718456574,Low
CASE000329,Criminal,Win,236,46686.67670167301,Medium
CASE000330,Criminal,Win,48,35461.131552270665,Medium
CASE000331,Criminal,Loss,349,11750.476198927758,Low
CASE000332,Criminal,Loss,212,46743.8578919292,Low
CASE000333,Civil,Win,424,26824.13402418994,High
CASE000334,Criminal,Loss,425,27270.82319003028,High
CASE000335,Criminal,Win,161,20160.577403830855,Medium
CASE000336,Criminal,Win,402,5151.336891544344,High
CASE000337,Criminal,Loss,156,25684.895591470682,Low
CASE000338,Criminal,Win,71,39720.18568927904,Medium
CASE000339,Criminal,Loss,176,12531.095777647679,High
CASE000340,Civil,Win,70,31034.771487949674,Low
CASE000341,Criminal,Win,221,19177.78007889248,Medium
CASE000342,Criminal,Win,92,2572.7576492551652,Low
CASE000343,Civil,Loss,67,19257.352001223222,High
CASE000344,Civil,Win,495,8704.864875263189,Low
CASE000345,Criminal,Win,327,18272.155373958696,High
CASE000346,Civil,Win,239,46546.21557427994,Low
CASE000347,Criminal,Win,479,11048.398542922016,High
CASE000348,Civil,Win,53,20677.0193803648,High
CASE000349,Criminal,Win,254,24732.31460532789,Medium
CASE000350,Civil,Loss,407,4875.252623054688,Low
CASE000351,Criminal,Win,380,33173.671257765236,High
CASE000352,Civil,Win,389,41981.0711025264,Medium
CASE000353,Criminal,Win,230,16075.010874129985,Low
CASE000354,Civil,Win,301,5778.623640121606,Medium
CASE000355,Civil,Loss,151,8961.937094035431,High
CASE000356,Civil,Win,257,27997.09488779487,Medium
CASE000357,Criminal,Loss,409,30273.74742505566,High
CASE000358,Civil,Win,343,30205.420368465268,High
CASE000359,Criminal,Loss,381,41772.98798636722,Low
CASE000360,Criminal,Loss,417,24787.035068551293,High
CASE000361,Civil,Win,468,38852.0506323408,Low
CASE000362,Civil,Win,159,44741.50936691467,Low
CASE000363,Civil,Loss,35,32606.09497745831,Medium
CASE000364,Criminal,Win,340,6874.150375973433,Low
CASE000365,Civil,Win,438,45564.470613678124,Low
CASE000366,Civil,Loss,465,17635.116907937812,High
CASE000367,Criminal,Win,82,34744.68686082781,Low
CASE000368,Civil,Win,374,38216.30231713839,Medium
CASE000369,Criminal,Loss,94,14187.085981875367,Medium
CASE000370,Civil,Win,156,25761.273558944416,Medium
CASE000371,Criminal,Loss,153,19843.10242921616,Medium
CASE000372,Civil,Win,454,19357.226305434422,Medium
CASE000373,Criminal,Win,496,9607.232738920324,High
CASE000374,Criminal,Win,224,37503.34706106372,Medium
CASE000375,Criminal,Win,65,40942.852304702814,High
CASE000376,Criminal,Loss,345,34300.465590155974,Medium
CASE000377,Civil,Win,140,16121.281451808605,Low
CASE000378,Civil,Loss,284,33020.9923916378,Medium
CASE000379,Criminal,Win,453,43266.126886913116,Low
CASE000380,Criminal,Win,288,46690.84681265543,Low
CASE000381,Criminal,Win,64,16983.341963774586,High
CASE000382,Civil,Loss,439,44463.50911045426,Medium
CASE000383,Civil,Win,329,17013.501489230075,Medium
CASE000384,Civil,Win,359,14286.744466188766,Low
CASE000385,Criminal,Win,377,20475.055244344425,High
CASE000386,Criminal,Win,477,11713.55333370715,Medium
CASE000387,Criminal,Win,227,44367.195330234834,Medium
CASE000388,Criminal,Win,297,2174.9243411080924,Low
CASE000389,Criminal,Win,162,14173.949070408935,High
CASE000390,Criminal,Loss,318,17965.52371565331,Low
CASE000391,Criminal,Win,81,38805.6576479628,Medium
CASE000392,Civil,Loss,311,2429.8072681110807,Medium
CASE000393,Criminal,Loss,113,27354.11128548175,High
CASE000394,Criminal,Win,224,35125.49090833015,High
CASE000395,Civil,Win,358,15776.439866361316,Medium
CASE000396,Civil,Win,34,44558.691421524,High
CASE000397,Criminal,Win,161,10398.934217831405,Medium
CASE000398,Civil,Win,436,8361.929933384927,High
CASE000399,Criminal,Win,441,2314.8353499751947,Low
CASE000400,Criminal,Loss,268,10685.169194223812,Medium
CASE000401,Civil,Loss,362,1442.420650488189,High
CASE000402,Civil,Loss,51,35684.70900989587,High
CASE000403,Civil,Loss,195,42565.140327023844,Medium
CASE000404,Criminal,Win,88,43218.68171100591,High
CASE000405,Civil,Loss,458,31606.283769169208,Low
CASE000406,Civil,Loss,324,31078.76916523165,Low
CASE000407,Criminal,Loss,121,14182.336430283216,High
CASE000408,Civil,Win,337,38676.09794194203,Medium
CASE000409,Civil,Loss,382,33114.04253313666,Low
CASE000410,Civil,Win,72,2012.2549346954295,Low
CASE000411,Civil,Loss,287,9359.162254920251,High
CASE000412,Civil,Win,372,14513.43617139699,High
CASE000413,Criminal,Win,484,15604.43385390011,High
CASE000414,Civil,Win,420,4683.602921369455,Medium
CASE000415,Criminal,Win,95,39451.08064855438,Low
CASE000416,Criminal,Win,466,20011.616417701025,Low
CASE000417,Criminal,Win,86,19243.213459859933,Medium
CASE000418,Criminal,Win,491,13576.633310287094,Low
CASE000419,Criminal,Loss,94,10122.842032902025,Medium
CASE000420,Criminal,Win,359,10885.124576644861,Medium
CASE000421,Civil,Loss,438,42757.756705054504,Low
CASE000422,Civil,Win,479,17959.663230108163,Low
CASE000423,Civil,Loss,412,5076.637256708128,High
CASE000424,Criminal,Win,333,47292.170475829225,Low
CASE000425,Criminal,Loss,86,35727.79922441444,Low
CASE000426,Criminal,Loss,433,9416.534504169453,High
CASE000427,Criminal,Win,33,36452.56501902315,High
CASE000428,Criminal,Win,374,19161.793245803492,Medium
CASE000429,Criminal,Win,358,24857.03135765375,High
CASE000430,Criminal,Win,443,1660.2089338652327,Low
CASE000431,Criminal,Win,211,30303.08020029586,Low
CASE000432,Civil,Loss,286,42063.5536446163,Low
CASE000433,Civil,Loss,67,41558.53975973117,Low
CASE000434,Criminal,Win,368,48090.732033521694,Low
CASE000435,Civil,Loss,474,8539.769441527988,Low
CASE000436,Criminal,Win,243,30843.1302161392,Low
CASE000437,Criminal,Win,88,11659.546218086785,Medium
CASE000438,Criminal,Loss,423,17690.07467543677,Medium
CASE000439,Criminal,Loss,183,22416.12746692166,Medium
CASE000440,Civil,Win,298,33066.85520290822,High
CASE000441,Criminal,Win,142,30886.83566270683,Medium
CASE000442,Civil,Win,111,10584.883583712985,Low
CASE000443,Criminal,Win,364,5563.864482568113,Low
CASE000444,Criminal,Win,317,4182.081410926365,High
CASE000445,Criminal,Loss,263,34938.33457565999,Low
CASE000446,Criminal,Win,442,47272.927346495344,Low
CASE000447,Civil,Win,435,8822.193646967742,High
CASE000448,Criminal,Win,137,20761.369477322387,Medium
CASE000449,Criminal,Loss,432,30079.202462139245,Low
CASE000450,Criminal,Win,178,11795.63702113459,Low
CASE000451,Civil,Win,434,39183.04092649944,Low
CASE000452,Criminal,Loss,237,2497.2242605139154,Medium
CASE000453,Civil,Loss,373,33173.205188624626,Low
CASE000454,Civil,Loss,465,22661.671268880957,Medium
CASE000455,Civil,Win,214,8167.947669002265,Low
CASE000456,Civil,Loss,182,4323.196976628206,High
CASE000457,Civil,Loss,450,10629.448798640513,High
CASE000458,Civil,Win,473,15722.519452517032,High
CASE000459,Criminal,Loss,254,3990.3250780561684,Medium
CASE000460,Criminal,Loss,154,45001.049694817564,Low
CASE000461,Criminal,Win,152,6894.479584749188,High
CASE000462,Civil,Win,395,45979.64981727581,High
CASE000463,Criminal,Win,404,40993.16670988641,Medium
CASE000464,Criminal,Loss,214,37663.89757355478,Low
CASE000465,Civil,Win,198,41335.04493266005,Medium
CASE000466,Civil,Win,89,12470.836608371046,High
CASE000467,Civil,Win,498,6038.853285270831,Low
CASE000468,Criminal,Loss,446,2933.861593346916,Low
CASE000469,Criminal,Loss,412,37504.94558542579,Low
CASE000470,Civil,Win,297,19421.998886234178,Low
CASE000471,Civil,Win,474,24585.87615705541,Medium
CASE000472,Civil,Loss,55,17273.006815460925,Low
CASE000473,Criminal,Loss,276,17304.877739359654,High
CASE000474,Civil,Win,84,39407.106159935574,High
CASE000475,Civil,Loss,356,32260.592089877406,Low
CASE000476,Criminal,Win,125,41092.595178040814,Low
CASE000477,Civil,Win,150,3557.4147618981287,Medium
CASE000478,Criminal,Win,404,33441.128735744525,Low
CASE000479,Civil,Loss,68,43184.93783126043,High
CASE000480,Criminal,Win,228,29763.001978863915,Low
CASE000481,Civil,Win,428,8407.126825288595,Medium
CASE000482,Civil,Loss,85,43638.97327624911,Medium
CASE000483,Criminal,Win,472,39763.72816231126,Medium
CASE000484,Criminal,Loss,167,34994.487187632214,Low
CASE000485,Criminal,Win,352,24550.93894224508,High
CASE000486,Criminal,Win,77,38238.58231292683,High
CASE000487,Civil,Win,444,45694.05505296178,Low
CASE000488,Criminal,Loss,491,42289.36415442404,High
CASE000489,Criminal,Loss,279,40133.28969804073,High
CASE000490,Civil,Loss,56,49786.711620441885,High
CASE000491,Criminal,Win,340,43329.52491338353,Medium
CASE000492,Civil,Win,54,17752.32244682528,Low
CASE000493,Civil,Win,282,34497.18344038715,High
CASE000494,Civil,Loss,172,30794.282268746338,High
CASE000495,Civil,Win,314,39733.94373197997,High
CASE000496,Criminal,Loss,471,38548.58138261266,High
CASE000497,Criminal,Loss,128,37743.43481668349,Low
CASE000498,Civil,Loss,495,26956.82631465992,Medium
CASE000499,Civil,Win,382,13533.985705159392,Low
CASE000500,Civil,Win,481,7055.17605243798,High
CASE000501,Criminal,Loss,133,42809.50094422174,Medium
CASE000502,Civil,Loss,327,41188.70770528828,Low
CASE000503,Civil,Win,398,1151.3487699781901,Low
CASE000504,Criminal,Loss,101,17904.210324757292,Low
CASE000505,Criminal,Loss,239,11483.519419052975,High
CASE000506,Criminal,Win,183,28597.48523031667,Medium
CASE000507,Criminal,Win,303,40004.747991144846,Low
CASE000508,Civil,Loss,321,15423.956842820466,Medium
CASE000509,Criminal,Loss,47,9304.264631440821,Low
CASE000510,Criminal,Win,195,30728.973651377262,Low
CASE000511,Civil,Win,179,19483.499974621995,Low
CASE000512,Criminal,Win,211,40560.96163733054,High
CASE000513,Criminal,Loss,363,8876.977653076665,Low
CASE000514,Criminal,Loss,229,43834.87442308297,Medium
CASE000515,Civil,Win,331,10296.786919720264,Low
CASE000516,Criminal,Win,65,11121.516342850633,High
CASE000517,Criminal,Win,104,37349.205702568965,Low
CASE000518,Civil,Loss,95,12117.371269773508,Medium
CASE000519,Criminal,Win,139,2781.9398292440073,Medium
CASE000520,Criminal,Loss,89,28107.678455125024,High
CASE000521,Civil,Win,165,7083.5744126149275,High
CASE000522,Criminal,Loss,317,20703.17113384802,Low
CASE000523,Criminal,Loss,324,7312.372223622747,Medium
CASE000524,Civil,Win,241,18471.441832420725,Low
CASE000525,Criminal,Win,485,21482.501034560315,Medium
CASE000526,Civil,Loss,301,10873.681231378161,High
CASE000527,Criminal,Loss,251,11134.761463380339,Medium
CASE000528,Civil,Win,450,40603.903522234454,Medium
CASE000529,Civil,Win,421,37844.5744732226,High
CASE000530,Civil,Win,194,19854.248841710607,Medium
CASE000531,Criminal,Loss,137,12176.893413282722,Medium
CASE000532,Criminal,Win,228,2066.405348751151,High
CASE000533,Civil,Win,475,27714.834995508012,Low
CASE000534,Criminal,Win,320,20341.248193895735,Medium
CASE000535,Criminal,Win,54,12476.814842721691,High
CASE000536,Civil,Win,338,20326.730153594028,High
CASE000537,Civil,Win,416,39825.86632574003,Low
CASE000538,Civil,Win,60,8769.116781338715,Low
CASE000539,Criminal,Loss,145,35331.944656604755,Low
CASE000540,Civil,Win,223,5796.321756279561,High
CASE000541,Criminal,Win,459,23151.141116422645,Medium
CASE000542,Civil,Win,244,27508.79645277591,Low
CASE000543,Criminal,Loss,169,39190.64603702738,High
CASE000544,Criminal,Loss,452,5893.76005408752,Low
CASE000545,Criminal,Win,167,3913.065083851326,Medium
CASE000546,Civil,Win,293,5758.539616849112,High
CASE000547,Criminal,Loss,246,31634.19779081309,Medium
CASE000548,Criminal,Loss,209,44561.147478671,Low
CASE000549,Criminal,Win,380,49640.84030092889,High
CASE000550,Criminal,Win,294,22617.514189589856,Medium
CASE000551,Civil,Win,82,23368.395001680587,High
CASE000552,Criminal,Win,289,23326.823016407176,High
CASE000553,Criminal,Loss,160,14297.388027448342,High
CASE000554,Criminal,Win,418,39432.48811777267,Low
CASE000555,Criminal,Loss,256,20026.419182110556,Medium
CASE000556,Criminal,Win,199,2114.9424875463537,Medium
CASE000557,Civil,Win,460,49172.36048530586,Medium
CASE000558,Criminal,Win,476,26064.012577817957,High
CASE000559,Civil,Loss,57,19324.704215359514,Low
CASE000560,Criminal,Loss,118,26573.828962681233,Low
CASE000561,Civil,Loss,259,3220.0810370969866,Medium
CASE000562,Civil,Loss,160,16339.789028297475,High
CASE000563,Criminal,Win,32,11029.2091105556,High
CASE000564,Criminal,Win,210,23712.110144985993,Low
CASE000565,Civil,Win,332,4087.548845298855,Low
CASE000566,Criminal,Win,493,37146.16116068988,Medium
CASE000567,Criminal,Win,196,3949.618445698992,High
CASE000568,Criminal,Win,72,2365.4261390937136,High
CASE000569,Civil,Win,262,8708.011673515453,Low
CASE000570,Civil,Loss,191,25974.245975346374,High
CASE000571,Civil,Loss,287,38738.51865792224,Low
CASE000572,Criminal,Loss,56,38069.43472681892,Medium
CASE000573,Civil,Loss,471,26566.672384831927,High
CASE000574,Criminal,Win,145,19205.57635289075,Medium
CASE000575,Civil,Win,373,8653.88913466501,Medium
CASE000576,Civil,Win,340,45803.95922223323,High
CASE000577,Civil,Win,495,10696.477642180811,High
CASE000578,Civil,Win,322,30256.671915698924,Low
CASE000579,Civil,Win,126,48125.832425657645,Medium
CASE000580,Criminal,Loss,312,48847.55708539344,Low
CASE000581,Criminal,Win,199,15061.267927207491,Medium
CASE000582,Criminal,Loss,442,41990.83973306768,High
CASE000583,Civil,Win,440,41545.486468052,Low
CASE000584,Civil,Loss,296,30100.579019340905,Medium
CASE000585,Civil,Win,100,17748.10168518673,Low
CASE000586,Civil,Win,90,22793.78166155717,Medium
CASE000587,Criminal,Win,68,37257.63026593846,Medium
CASE000588,Civil,Loss,208,19357.74951878408,High
CASE000589,Criminal,Win,63,43237.06082214312,High
CASE000590,Civil,Win,328,6194.624768583884,Low
CASE000591,Civil,Loss,170,36002.85307738905,Medium
CASE000592,Civil,Win,213,23800.097556134504,Medium
CASE000593,Civil,Win,215,39089.4295065519,Low
CASE000594,Criminal,Win,317,26827.95904027338,High
CASE000595,Civil,Win,162,49935.6563564462,Low
CASE000596,Civil,Loss,184,31843.865929561784,High
CASE000597,Civil,Win,225,45199.982868898725,Medium
CASE000598,Civil,Loss,83,8935.56836085937,High
CASE000599,Civil,Win,323,28511.458657181432,High
CASE000600,Civil,Win,84,13688.988410697595,Medium
CASE000601,Criminal,Loss,269,4257.361543679408,Low
CASE000602,Criminal,Win,61,44337.18576204947,Medium
CASE000603,Civil,Loss,220,15165.107679230876,Medium
CASE000604,Civil,Loss,160,49802.489181713805,Low
CASE000605,Civil,Win,324,17288.629252196093,High
CASE000606,Civil,Win,45,43439.922777367196,High
CASE000607,Civil,Win,393,30979.27776188144,Low
CASE000608,Criminal,Loss,63,22238.89134886674,High
CASE000609,Criminal,Win,188,37933.085467436875,High
CASE000610,Civil,Win,119,12417.7826407749,Medium
CASE000611,Civil,Loss,224,47019.143279172946,Medium
CASE000612,Civil,Win,386,8107.9211622631165,Medium
CASE000613,Civil,Win,319,39586.90545281525,Medium
CASE000614,Criminal,Win,481,17731.849483157956,High
CASE000615,Civil,Win,486,4605.954831635636,High
CASE000616,Criminal,Win,110,24653.671342185742,High
CASE000617,Criminal,Win,183,18271.73417703835,High
CASE000618,Criminal,Loss,447,19740.602850264953,Medium
CASE000619,Civil,Loss,120,20219.83539227459,Medium
CASE000620,Civil,Win,127,42368.332992913805,Low
CASE000621,Civil,Loss,374,28425.10165035293,Medium
CASE000622,Criminal,Win,277,7044.89752597327,Medium
CASE000623,Civil,Loss,303,30549.32774319185,High
CASE000624,Civil,Win,403,20829.7085680051,Low
CASE000625,Criminal,Loss,411,3676.132144806706,Medium
CASE000626,Criminal,Win,297,38569.5194594816,Medium
CASE000627,Civil,Win,181,9580.015373376722,High
CASE000628,Civil,Loss,39,36129.471498091276,Medium
CASE000629,Criminal,Win,220,17957.160728639446,Medium
CASE000630,Criminal,Loss,132,5630.84907206236,Low
CASE000631,Criminal,Win,257,48663.356100635545,Low
CASE000632,Civil,Loss,170,30453.72150806633,High
CASE000633,Criminal,Loss,401,41630.1412582595,Medium
CASE000634,Criminal,Win,160,40197.74323921006,Medium
CASE000635,Criminal,Win,277,35150.57579702008,Medium
CASE000636,Civil,Win,303,14930.444496592112,Medium
CASE000637,Criminal,Loss,227,15537.656507017673,High
CASE000638,Civil,Win,294,2115.003064018474,High
CASE000639,Criminal,Win,358,25087.93672863962,Low
CASE000640,Criminal,Win,487,23133.925380918256,High
CASE000641,Criminal,Loss,166,1175.6692216298097,Medium
CASE000642,Criminal,Loss,51,36550.24118675496,High
CASE000643,Criminal,Win,495,7338.38307431525,Medium
CASE000644,Criminal,Loss,281,43487.603514100694,Medium
CASE000645,Civil,Win,128,14594.475299609594,Medium
CASE000646,Criminal,Loss,484,48300.267897268954,Low
CASE000647,Criminal,Win,114,37056.12306632913,Low
CASE000648,Civil,Loss,308,26298.951700329602,High
CASE000649,Civil,Win,269,7521.58817578606,Medium
CASE000650,Criminal,Loss,98,22807.418222528468,Low
CASE000651,Civil,Loss,142,4646.987743023654,High
CASE000652,Criminal,Loss,294,12908.97150651553,High
CASE000653,Civil,Loss,460,7632.093648794577,Medium
CASE000654,Civil,Win,88,11329.86697856347,Medium
CASE000655,Criminal,Win,153,27865.556241561677,Medium
CASE000656,Criminal,Win,341,20573.922625764095,Medium
CASE000657,Criminal,Win,52,8031.73832604855,Low
CASE000658,Criminal,Win,323,40426.85034546182,Medium
CASE000659,Civil,Win,205,13332.894635812767,High
CASE000660,Criminal,Win,400,22672.694106305007,Medium
CASE000661,Civil,Loss,109,43934.620483599865,Low
CASE000662,Criminal,Loss,116,36469.77021678156,Medium
CASE000663,Civil,Win,397,10738.982778064323,Medium
CASE000664,Criminal,Loss,158,33099.78493329226,Low
CASE000665,Civil,Win,82,17202.434371448115,Low
CASE000666,Civil,Win,213,45754.945893512064,High
CASE000667,Civil,Loss,394,17296.347522777338,High
CASE000668,Criminal,Loss,295,10792.622164229224,Low
CASE000669,Criminal,Loss,411,29857.15883188419,Low
CASE000670,Civil,Loss,356,1031.5266307661873,Low
CASE000671,Civil,Loss,279,3752.6866160152367,High
CASE000672,Civil,Win,60,24920.705801520646,High
CASE000673,Civil,Win,134,18743.499798018034,High
CASE000674,Civil,Loss,189,2916.9191761920792,High
CASE000675,Criminal,Win,376,47068.00045417081,High
CASE000676,Criminal,Win,439,46471.88832657247,High
CASE000677,Criminal,Win,170,36443.89832079806,High
CASE000678,Civil,Win,258,38495.4701052079,Medium
CASE000679,Criminal,Loss,46,23038.287027080813,Medium
CASE000680,Civil,Loss,162,46139.8699677304,Low
CASE000681,Civil,Loss,298,17618.938783859187,High
CASE000682,Criminal,Win,64,32052.34776897476,High
CASE000683,Civil,Loss,398,15325.359915459754,Low
CASE000684,Criminal,Win,379,6648.462679057642,Low
CASE000685,Criminal,Win,96,14099.616082063758,Medium
CASE000686,Civil,Loss,271,47529.07512743403,High
CASE000687,Criminal,Loss,201,9339.404838455252,Low
CASE000688,Criminal,Loss,246,25685.42732173528,Low
CASE000689,Criminal,Loss,364,44030.733610339,Medium
CASE000690,Criminal,Loss,450,20679.99527446566,Low
CASE000691,Civil,Win,125,8162.344647434313,High
CASE000692,Civil,Win,421,8446.310144019812,Low
CASE000693,Criminal,Win,92,39632.574109386376,Medium
CASE000694,Civil,Win,346,32009.13247346098,Low
CASE000695,Civil,Loss,415,9005.22779223257,Low
CASE000696,Criminal,Win,367,34665.006479070486,High
CASE000697,Criminal,Win,472,48599.51425092154,Medium
CASE000698,Civil,Loss,343,34692.71119620693,Medium
CASE000699,Criminal,Win,270,27297.135731893963,Medium
CASE000700,Civil,Loss,191,48110.83260915502,High
CASE000701,Criminal,Loss,305,42262.551596311605,Medium
CASE000702,Criminal,Win,423,35858.314207645344,High
CASE000703,Civil,Win,469,6275.328563362315,Medium
CASE000704,Criminal,Loss,203,3280.998837670688,Medium
CASE000705,Criminal,Loss,257,49723.45705257918,High
CASE000706,Civil,Loss,52,42119.90537101673,High
CASE000707,Criminal,Loss,206,1237.8199812420596,Medium
CASE000708,Civil,Win,378,3190.6419815686577,Low
CASE000709,Criminal,Loss,205,25182.131170926456,Low
CASE000710,Civil,Win,72,4998.156479786668,Medium
CASE000711,Criminal,Loss,357,2997.275158209948,Medium
CASE000712,Civil,Win,398,47108.188564421864,High
CASE000713,Criminal,Loss,248,28313.158945109197,Low
CASE000714,Civil,Loss,437,34805.08530409953,High
CASE000715,Criminal,Win,389,12588.365464339711,Medium
CASE000716,Civil,Loss,399,12888.187739508487,Low
CASE000717,Civil,Loss,403,45551.50784373617,Low
CASE000718,Civil,Loss,144,2421.741146994781,Medium
CASE000719,Criminal,Loss,52,12774.830187468959,Low
CASE000720,Criminal,Loss,59,9046.934924194473,Medium
CASE000721,Civil,Loss,472,49986.07344848962,Medium
CASE000722,Civil,Win,139,35662.81336790819,Low
CASE000723,Criminal,Loss,87,20108.821677604807,High
CASE000724,Civil,Win,316,26449.648890092754,High
CASE000725,Civil,Win,488,17648.57929362212,Medium
CASE000726,Civil,Loss,398,20184.57886534862,High
CASE000727,Criminal,Loss,85,29806.00694394829,High
CASE000728,Civil,Win,236,23676.99736295063,High
CASE000729,Civil,Loss,54,14853.847251502188,Medium
CASE000730,Criminal,Win,190,4633.826244267742,Medium
CASE000731,Criminal,Loss,82,36874.540501933945,Low
CASE000732,Civil,Loss,141,9818.500593258585,High
CASE000733,Civil,Win,175,25249.47310854669,Medium
CASE000734,Civil,Win,187,7267.100591872209,Low
CASE000735,Civil,Loss,320,23428.454855707976,Low
CASE000736,Civil,Loss,481,34576.81920054639,Low
CASE000737,Criminal,Win,381,30356.288678226014,High
CASE000738,Civil,Win,172,3957.869089817947,High
CASE000739,Civil,Loss,91,23424.973708768204,Medium
CASE000740,Criminal,Win,68,33818.193767395845,High
CASE000741,Criminal,Win,454,10203.938098930823,Low
CASE000742,Criminal,Win,358,48778.461351439146,Medium
CASE000743,Civil,Win,377,9970.936606093393,High
CASE000744,Civil,Win,203,22269.074170441796,High
CASE000745,Civil,Win,431,1649.8638428485415,Low
CASE000746,Civil,Loss,194,36046.61538318438,Low
CASE000747,Criminal,Win,234,33606.579072984525,Low
CASE000748,Civil,Win,450,6442.5015766680435,Medium
CASE000749,Criminal,Loss,112,42228.838771228104,Low
CASE000750,Civil,Loss,117,46209.20602251133,Low
CASE000751,Criminal,Win,438,8840.17954037501,Medium
CASE000752,Civil,Win,92,2280.2536924759243,High
CASE000753,Criminal,Loss,157,14504.634631574074,High
CASE000754,Civil,Win,40,41551.03999947235,High
CASE000755,Civil,Loss,292,35339.598707634825,Medium
CASE000756,Criminal,Loss,284,19138.99833552861,Medium
CASE000757,Criminal,Loss,82,19676.731774144784,Medium
CASE000758,Civil,Loss,344,47452.40030657251,Medium
CASE000759,Civil,Loss,156,19904.916587018804,High
CASE000760,Criminal,Loss,149,18387.8893756378,Low
CASE000761,Criminal,Win,255,39218.181760270294,Medium
CASE000762,Criminal,Loss,497,41846.68595054475,High
CASE000763,Criminal,Loss,302,34768.382939073264,Medium
CASE000764,Civil,Win,161,27716.77672859214,High
CASE000765,Civil,Win,46,33297.99264488856,Low
CASE000766,Civil,Loss,459,14907.962726538353,Low
CASE000767,Criminal,Win,58,45677.84727208506,Low
CASE000768,Civil,Win,235,27765.727568733844,Low
CASE000769,Civil,Loss,349,35944.958774193256,Low
CASE000770,Criminal,Win,170,34923.17584982873,Low
CASE000771,Criminal,Loss,348,38140.1706913534,Low
CASE000772,Criminal,Win,440,19380.05663441923,Medium
CASE000773,Criminal,Win,205,40712.7445461957,Low
CASE000774,Criminal,Win,329,15356.44122940308,Medium
CASE000775,Civil,Loss,160,7160.1284427921255,High
CASE000776,Civil,Loss,168,36270.23648412041,Low
CASE000777,Criminal,Loss,475,36827.02098885495,Low
CASE000778,Criminal,Loss,407,35475.96441877086,Medium
CASE000779,Civil,Win,102,47024.71642505173,High
CASE000780,Criminal,Loss,79,39841.93413151836,Medium
CASE000781,Criminal,Loss,340,17574.45629435425,Medium
CASE000782,Civil,Win,223,38415.80417540607,High
CASE000783,Civil,Win,38,20250.226460923495,High
CASE000784,Civil,Win,234,38348.73890770606,Low
CASE000785,Civil,Loss,252,28374.625711424447,Medium
CASE000786,Civil,Loss,259,5462.217177661105,Low
CASE000787,Criminal,Win,399,19636.982569966756,Low
CASE000788,Criminal,Win,313,36810.385110381365,Medium
CASE000789,Criminal,Win,77,1072.3001077725592,Medium
CASE000790,Criminal,Loss,380,45335.987703308005,High
CASE000791,Civil,Win,69,19267.052454817804,High
CASE000792,Criminal,Loss,56,41676.36057313077,High
CASE000793,Criminal,Win,450,5904.420064740274,Medium
CASE000794,Civil,Loss,349,47867.65037168088,Medium
CASE000795,Civil,Loss,387,37634.79657086742,Medium
CASE000796,Civil,Win,89,44779.39761288712,High
CASE000797,Criminal,Win,416,11716.981413638505,High
CASE000798,Civil,Win,97,35728.877633388605,High
CASE000799,Criminal,Loss,200,4807.547420395267,Medium
CASE000800,Criminal,Loss,362,10326.795033439674,High
CASE000801,Civil,Win,319,27532.33251687097,Medium
CASE000802,Civil,Win,420,19555.626762590993,High
CASE000803,Civil,Loss,305,15105.275823597365,Low
CASE000804,Criminal,Win,352,49555.23122113349,High
CASE000805,Civil,Loss,465,40959.73303648805,Low
CASE000806,Civil,Win,141,14872.561087541439,Low
CASE000807,Criminal,Win,214,7106.109227553616,Low
CASE000808,Civil,Win,388,22522.94655517017,High
CASE000809,Criminal,Win,256,43198.36990081217,High
CASE000810,Criminal,Win,364,19066.76942661065,Low
CASE000811,Criminal,Win,202,33184.759671538115,Low
CASE000812,Criminal,Loss,113,42227.972538832066,High
CASE000813,Civil,Win,67,2714.73192560555,Low
CASE000814,Civil,Loss,170,4821.989600396122,Low
CASE000815,Criminal,Loss,130,14905.896646466519,Medium
CASE000816,Civil,Win,232,14295.781222354082,Low
CASE000817,Criminal,Win,228,15412.714259404476,Low
CASE000818,Criminal,Win,468,44401.80497561073,Low
CASE000819,Civil,Win,99,14314.15238513025,High
CASE000820,Civil,Loss,122,1461.8859155466607,Low
CASE000821,Criminal,Win,487,14311.465298734443,Low
CASE000822,Criminal,Win,420,35742.50023325371,Low
CASE000823,Civil,Loss,336,28356.77385548147,High
CASE000824,Civil,Win,438,42960.49507918108,Low
CASE000825,Civil,Loss,314,25024.861718477092,Low
CASE000826,Criminal,Loss,139,27397.019001327935,High
CASE000827,Civil,Win,134,4192.621685181126,High
CASE000828,Civil,Win,130,18766.76832806706,High
CASE000829,Civil,Loss,439,13741.692623261126,Medium
CASE000830,Criminal,Loss,365,32954.28226143877,Medium
CASE000831,Criminal,Loss,374,20415.871982055698,Medium
CASE000832,Civil,Win,89,3062.6548524529644,Medium
CASE000833,Criminal,Loss,421,8104.695331970687,Low
CASE000834,Criminal,Loss,295,6295.01883406871,Low
CASE000835,Civil,Win,416,46640.12746447277,Low
CASE000836,Criminal,Loss,471,46025.481376092226,Low
CASE000837,Criminal,Win,417,44835.26818988614,Medium
CASE000838,Criminal,Loss,452,39062.67607575323,Low
CASE000839,Civil,Win,355,24572.978226681636,Low
CASE000840,Civil,Win,148,48719.118710872455,High
CASE000841,Criminal,Loss,208,4736.489065195565,Medium
CASE000842,Criminal,Win,205,30942.83391136814,Medium
CASE000843,Civil,Win,203,37807.87225625611,Medium
CASE000844,Criminal,Win,371,39643.145148578675,High
CASE000845,Criminal,Win,404,47055.462368354194,High
CASE000846,Civil,Win,249,15659.70408924204,High
CASE000847,Civil,Win,262,2064.989368743746,Medium
CASE000848,Criminal,Loss,116,14867.167456346397,Medium
CASE000849,Criminal,Loss,424,39164.8147841741,Medium
CASE000850,Civil,Loss,362,38033.1838783827,Medium
CASE000851,Criminal,Loss,72,13566.457313435052,Medium
CASE000852,Civil,Win,342,47963.39894245341,Low
CASE000853,Criminal,Win,319,29848.208391753276,Medium
CASE000854,Criminal,Win,462,45083.79471733974,High
CASE000855,Civil,Loss,333,25486.797686640053,Medium
CASE000856,Criminal,Win,285,42990.99403636739,Medium
CASE000857,Civil,Win,86,12914.072163097677,Medium
CASE000858,Criminal,Loss,281,11104.901937259465,Low
CASE000859,Criminal,Win,448,23277.713235173327,High
CASE000860,Criminal,Win,42,10523.431668099905,Medium
CASE000861,Civil,Win,120,37537.29609596024,Medium
CASE000862,Civil,Win,245,19309.200812079183,Low
CASE000863,Criminal,Loss,221,26236.85738636354,Low
CASE000864,Civil,Win,140,37123.81769733335,High
CASE000865,Criminal,Loss,143,40632.942451250856,High
CASE000866,Criminal,Loss,229,17890.04223848982,Medium
CASE000867,Criminal,Win,437,22104.54249647775,Medium
CASE000868,Criminal,Win,48,10917.709815205086,Low
CASE000869,Civil,Loss,232,2722.90648279548,Low
CASE000870,Criminal,Loss,349,4588.75332166187,High
CASE000871,Criminal,Win,235,19562.768312910066,High
CASE000872,Civil,Win,54,48302.02255427259,High
CASE000873,Criminal,Win,169,20438.341768824954,Low
CASE000874,Criminal,Win,215,24309.772310471155,Medium
CASE000875,Criminal,Win,479,14003.044623905618,Low
CASE000876,Criminal,Win,187,3221.2157432182344,High
CASE000877,Civil,Win,405,34360.08752207216,Medium
CASE000878,Criminal,Win,138,11128.042204815007,Medium
CASE000879,Civil,Win,461,8028.52375216417,High
CASE000880,Civil,Win,220,41202.44175297165,Low
CASE000881,Criminal,Loss,457,15669.15060360921,Medium
CASE000882,Civil,Win,390,3373.128263077881,High
CASE000883,Criminal,Win,80,16944.43084300198,High
CASE000884,Criminal,Win,401,39916.91213422279,Medium
CASE000885,Criminal,Win,428,42793.574835329404,High
CASE000886,Criminal,Win,445,13378.961737790574,Low
CASE000887,Civil,Win,159,36952.87034985242,Low
CASE000888,Civil,Win,79,9510.21836211616,Medium
CASE000889,Civil,Win,346,44731.383296790234,High
CASE000890,Civil,Win,290,9379.552043167543,Low
CASE000891,Civil,Win,329,10009.174793741024,Medium
CASE000892,Civil,Win,369,24144.350704942415,High
CASE000893,Civil,Loss,157,42177.03344504611,Medium
CASE000894,Civil,Win,485,21870.698293077374,High
CASE000895,Criminal,Win,446,40974.27275417357,Low
CASE000896,Civil,Win,122,6223.807623707572,Medium
CASE000897,Civil,Win,133,33722.65529273394,High
CASE000898,Criminal,Win,465,5702.348353953713,High
CASE000899,Criminal,Win,46,23794.40787550313,High
CASE000900,Civil,Loss,416,19675.12984843367,Medium
CASE000901,Criminal,Loss,164,2042.552152281118,Medium
CASE000902,Criminal,Loss,473,19398.902840976938,High
CASE000903,Criminal,Win,347,45907.88159700384,Low
CASE000904,Criminal,Loss,194,22580.930731214896,High
CASE000905,Criminal,Win,247,40994.04059594868,High
CASE000906,Criminal,Loss,476,24719.411954604646,High
CASE000907,Criminal,Win,110,24089.40748272639,Medium
CASE000908,Criminal,Win,142,19010.577276249423,High
CASE000909,Criminal,Win,179,7672.796435594345,Low
CASE000910,Criminal,Win,61,45955.97224395101,Medium
CASE000911,Civil,Loss,376,37813.49256984362,Medium
CASE000912,Civil,Win,414,18452.467180799107,Medium
CASE000913,Civil,Loss,442,20140.451914114,High
CASE000914,Criminal,Loss,204,35657.155806882656,High
CASE000915,Civil,Loss,372,25063.16333368077,Medium
CASE000916,Criminal,Loss,214,5703.572688057086,Medium
CASE000917,Civil,Win,73,13869.691066021707,Low
CASE000918,Civil,Loss,304,29823.70315629688,High
CASE000919,Criminal,Win,70,23240.84564698012,Low
CASE000920,Civil,Win,115,38761.14110691004,Medium
CASE000921,Civil,Win,92,21535.41204544661,High
CASE000922,Criminal,Win,43,4538.097657802228,Medium
CASE000923,Criminal,Loss,442,31552.312063507157,Low
CASE000924,Civil,Win,386,16375.18921782031,Low
CASE000925,Civil,Loss,425,31899.504129469777,High
CASE000926,Civil,Win,301,42619.18600177422,High
CASE000927,Criminal,Loss,44,25097.19041986111,High
CASE000928,Criminal,Win,358,7042.438831139316,Medium
CASE000929,Criminal,Win,390,9400.59229015781,High
CASE000930,Criminal,Loss,461,48680.31102225828,Low
CASE000931,Civil,Win,497,35149.600417120084,Medium
CASE000932,Criminal,Loss,55,34215.91637001467,High
CASE000933,Civil,Win,340,33530.61698123422,Low
CASE000934,Criminal,Win,164,39250.77742538111,Low
CASE000935,Civil,Win,168,8077.499013129034,High
CASE000936,Criminal,Win,472,28011.863341965272,High
CASE000937,Civil,Win,307,29901.996047778714,Medium
CASE000938,Civil,Loss,35,20253.14113773278,High
CASE000939,Criminal,Loss,437,46113.99278954736,Medium
CASE000940,Criminal,Win,221,34561.40178165307,Low
CASE000941,Civil,Loss,70,39113.79403137187,High
CASE000942,Criminal,Loss,324,26994.44282560657,High
CASE000943,Criminal,Win,365,28727.87331118797,High
CASE000944,Criminal,Win,85,46835.26499555595,Medium
CASE000945,Criminal,Win,179,1675.745330268097,Medium
CASE000946,Civil,Win,182,20400.344149186374,Low
CASE000947,Criminal,Win,128,10625.118795073984,High
CASE000948,Civil,Win,299,46225.27868539411,Low
CASE000949,Civil,Loss,474,32127.261069327524,Low
CASE000950,Criminal,Loss,471,20658.156430096922,High
CASE000951,Civil,Loss,282,41857.84302668039,Low
CASE000952,Civil,Loss,229,14969.137155235214,Low
CASE000953,Civil,Win,231,30470.8181530467,Medium
CASE000954,Civil,Win,155,3941.2553498361704,Low
CASE000955,Civil,Win,480,47018.37651681442,Low
CASE000956,Criminal,Loss,308,28986.50399664321,Medium
CASE000957,Criminal,Win,466,43595.24090615157,Low
CASE000958,Criminal,Win,443,44623.3974833649,Low
CASE000959,Civil,Win,440,39148.06216357632,Low
CASE000960,Criminal,Win,361,22943.213250745077,High
CASE000961,Civil,Win,404,21939.62194131653,Medium
CASE000962,Criminal,Win,340,44773.1493515726,Low
CASE000963,Criminal,Loss,357,21340.767688384734,Medium
CASE000964,Criminal,Win,481,6574.57691136279,High
CASE000965,Civil,Loss,322,32949.90767150438,Medium
CASE000966,Civil,Loss,488,13859.582991013664,Low
CASE000967,Criminal,Win,273,11867.660024092464,Low
CASE000968,Criminal,Win,85,41883.16722211034,High
CASE000969,Criminal,Win,361,42069.610646385045,Medium
CASE000970,Criminal,Loss,338,27605.837452829066,Low
CASE000971,Civil,Loss,147,12611.086734443896,Low
CASE000972,Criminal,Win,335,24017.501698108892,Medium
CASE000973,Criminal,Loss,99,26356.328150761463,Medium
CASE000974,Civil,Win,369,3203.1524089809946,High
CASE000975,Civil,Win,492,12895.273250584989,Medium
CASE000976,Criminal,Win,276,43292.57996584889,Low
CASE000977,Criminal,Win,433,7303.950556547576,High
CASE000978,Civil,Win,398,45574.3767800417,Low
CASE000979,Criminal,Win,230,2187.6699022574294,High
CASE000980,Criminal,Win,212,15635.20031270049,Medium
CASE000981,Civil,Win,260,33161.32388107982,Medium
CASE000982,Criminal,Win,344,43528.33495350338,High
CASE000983,Civil,Loss,448,49322.733171998334,High
CASE000984,Civil,Win,70,29394.492922508634,Low
CASE000985,Criminal,Win,30,37852.52299071947,High
CASE000986,Civil,Win,56,16424.757474625374,Low
CASE000987,Civil,Loss,317,6523.316115935288,Medium
CASE000988,Civil,Win,311,37281.22428356136,High
CASE000989,Criminal,Loss,308,11364.715191349429,Medium
CASE000990,Civil,Loss,71,15935.141980902636,Low
CASE000991,Criminal,Loss,362,47998.58563799546,Low
CASE000992,Civil,Win,286,8325.56356988975,Low
CASE000993,Civil,Win,150,8358.061601663456,Medium
CASE000994,Criminal,Win,375,7133.407123039371,Low
CASE000995,Civil,Win,454,36430.584962330206,Low
CASE000996,Civil,Win,176,27238.690620802092,Low
CASE000997,Criminal,Loss,497,47566.6713507578,Low
CASE000998,Criminal,Loss,172,18239.207911416484,Low
CASE000999,Criminal,Loss,218,18333.87467464353,Medium
CASE001000,Civil,Loss,148,49916.336076035936,Low
CASE001001,Civil,Win,226,12906.642585308973,High
CASE001002,Civil,Loss,364,42939.24661676381,Medium
CASE001003,Civil,Win,220,47110.60188442326,High
CASE001004,Criminal,Loss,458,1740.7149347873637,Medium
CASE001005,Civil,Loss,111,3269.1676905741447,Low
CASE001006,Civil,Loss,41,12635.559102213125,High
CASE001007,Criminal,Win,233,36988.17740426634,High
CASE001008,Civil,Win,52,14798.523348196299,Low
CASE001009,Criminal,Win,39,1006.7745311255336,Medium
CASE001010,Criminal,Win,201,49807.99835717317,High
CASE001011,Criminal,Win,429,15067.53321723942,Medium
CASE001012,Civil,Loss,441,48345.27954887802,High
CASE001013,Civil,Win,263,19357.52722125862,Low
CASE001014,Criminal,Win,96,47643.7815710832,High
CASE001015,Criminal,Win,88,48866.71189039507,Medium
CASE001016,Civil,Loss,50,23738.518618819842,Medium
CASE001017,Criminal,Win,329,23697.604355577972,Low
CASE001018,Civil,Win,154,47938.25959339026,High
CASE001019,Criminal,Loss,196,13154.926274385405,High
CASE001020,Criminal,Win,476,9568.003967663528,Low
CASE001021,Civil,Loss,101,44165.12525734653,High
CASE001022,Civil,Win,122,12556.85389278643,Medium
CASE001023,Civil,Win,57,44575.38085010604,Low
CASE001024,Civil,Win,82,48365.37148119457,Medium
CASE001025,Criminal,Loss,126,15035.3544287917,Low
CASE001026,Criminal,Win,149,24605.890505261516,High
CASE001027,Civil,Win,306,32810.74900256487,Medium
CASE001028,Criminal,Win,207,37748.88591930873,Medium
CASE001029,Civil,Loss,312,13209.091619501798,High
CASE001030,Criminal,Win,131,16136.41777609379,High
CASE001031,Criminal,Loss,59,25410.45794683788,High
CASE001032,Criminal,Win,392,17794.562264357683,High
CASE001033,Criminal,Loss,166,43870.81705472136,Low
CASE001034,Criminal,Win,446,33634.40791545307,Medium
CASE001035,Civil,Loss,93,23100.06127748529,Low
CASE001036,Civil,Loss,172,49105.34510715424,Medium
CASE001037,Civil,Loss,356,4681.136467273207,High
CASE001038,Criminal,Win,136,5109.526799699336,High
CASE001039,Civil,Win,140,29749.54639603283,Medium
CASE001040,Criminal,Loss,299,22781.454408343045,Medium
CASE001041,Criminal,Win,186,40339.82550894148,Low
CASE001042,Civil,Win,178,48555.059742799014,Medium
CASE001043,Civil,Loss,211,12190.26280873035,High
CASE001044,Civil,Loss,479,47525.78820103746,High
CASE001045,Civil,Loss,117,37384.47251369269,Low
CASE001046,Criminal,Loss,71,9204.143199280235,High
CASE001047,Criminal,Win,425,25219.106665825388,Medium
CASE001048,Criminal,Loss,53,3998.703515378464,Medium
CASE001049,Civil,Loss,411,15675.917726499143,High
CASE001050,Civil,Win,199,15681.719407111972,Low
CASE001051,Civil,Win,263,38543.895329731095,Low
CASE001052,Criminal,Win,386,47782.8882131229,Medium
CASE001053,Criminal,Loss,271,34706.69720705427,Medium
CASE001054,Civil,Loss,456,5004.94658152396,Low
CASE001055,Criminal,Loss,270,23780.17016740128,Low
CASE001056,Civil,Win,297,10590.86509190494,Low
CASE001057,Civil,Win,41,19383.19230434265,High
CASE001058,Civil,Loss,179,13352.051955533523,High
CASE001059,Criminal,Loss,383,6267.758441669849,Medium
CASE001060,Criminal,Loss,368,12689.378601123266,Medium
CASE001061,Criminal,Loss,277,13938.583106359463,Medium
CASE001062,Criminal,Win,182,16522.94669892511,High
CASE001063,Civil,Win,318,3351.8731908635814,Low
CASE001064,Criminal,Win,493,37292.35970301412,Medium
CASE001065,Civil,Loss,287,46901.924575887635,Low
CASE001066,Criminal,Win,355,47555.876398429944,Medium
CASE001067,Criminal,Loss,110,2309.7599009580554,Low
CASE001068,Civil,Win,346,41884.67613137523,High
CASE001069,Criminal,Win,380,39899.736154138256,High
CASE001070,Civil,Loss,387,37209.81403160775,Low
CASE001071,Civil,Win,281,47823.16598328758,Medium
CASE001072,Criminal,Win,439,4385.754103364412,Low
CASE001073,Civil,Win,258,1568.2446159259127,Low
CASE001074,Criminal,Loss,94,10148.832781127334,High
CASE001075,Criminal,Loss,37,48182.84338002617,Medium
CASE001076,Civil,Loss,205,33907.03602136036,High
CASE001077,Criminal,Win,416,23689.277963139062,High
CASE001078,Criminal,Win,489,16902.15954216379,Low
CASE001079,Civil,Win,69,7616.247283350899,Low
CASE001080,Civil,Win,433,24062.914935419707,High
CASE001081,Criminal,Win,74,26716.71102073552,Medium
CASE001082,Criminal,Win,450,4412.507036494504,Medium
CASE001083,Civil,Win,37,45342.447706024075,Medium
CASE001084,Civil,Loss,387,9842.298369807133,Medium
CASE001085,Criminal,Win,264,28548.411603103807,Medium
CASE001086,Civil,Loss,99,18652.72185088846,Low
CASE001087,Criminal,Win,301,34283.94586264811,Medium
CASE001088,Criminal,Loss,72,34408.61094092125,High
CASE001089,Civil,Loss,365,2246.0932707163056,High
CASE001090,Criminal,Loss,466,19025.251263587183,High
CASE001091,Civil,Loss,215,44124.009832899676,Low
CASE001092,Criminal,Win,50,19599.398195213103,Medium
CASE001093,Civil,Win,159,11379.678474467917,High
CASE001094,Civil,Loss,146,40016.2959607446,High
CASE001095,Civil,Win,127,7711.602598261531,Low
CASE001096,Criminal,Win,279,22891.93781343028,High
CASE001097,Criminal,Win,248,40930.40014680736,High
CASE001098,Civil,Loss,375,34010.15829929688,Medium
CASE001099,Civil,Loss,361,38976.153548734714,Low
CASE001100,Criminal,Win,245,46789.480896064226,Medium
CASE001101,Civil,Win,309,27014.973553911772,Medium
CASE001102,Civil,Win,84,29171.877364087875,High
CASE001103,Civil,Win,363,34350.76196487,High
CASE001104,Criminal,Win,229,25059.255358207884,High
CASE001105,Civil,Win,219,8644.23714137802,Medium
CASE001106,Criminal,Loss,493,26809.75119664103,Medium
CASE001107,Criminal,Loss,86,26834.913031645185,High
CASE001108,Civil,Win,124,5774.99211929383,High
CASE001109,Criminal,Loss,222,35179.89216826666,High
CASE001110,Criminal,Win,125,33404.20658484327,Low
CASE001111,Civil,Loss,299,18792.993525572845,Low
CASE001112,Civil,Loss,177,14169.744930344732,Medium
CASE001113,Criminal,Win,107,28992.010786833423,Low
CASE001114,Criminal,Win,262,7366.621061239409,Low
CASE001115,Civil,Win,466,43362.57027875779,Medium
CASE001116,Criminal,Win,270,49344.018809537905,Medium
CASE001117,Criminal,Loss,400,4802.94910308914,Medium
CASE001118,Criminal,Win,310,29907.83814258786,High
CASE001119,Civil,Loss,74,42474.89430403344,High
CASE001120,Civil,Loss,64,43494.81380399382,High
CASE001121,Criminal,Loss,490,26280.228998856222,Medium
CASE001122,Civil,Loss,417,30813.4977907307,Medium
CASE001123,Civil,Loss,301,40219.69440965553,Medium
CASE001124,Civil,Loss,474,20643.644549867775,Low
CASE001125,Civil,Loss,226,49031.82922177402,Medium
CASE001126,Civil,Loss,433,24290.531351421567,High
CASE001127,Criminal,Loss,191,44415.17461736451,High
CASE001128,Civil,Win,255,37833.05064989932,Medium
CASE001129,Criminal,Win,215,14554.60772508027,High
CASE001130,Criminal,Win,184,42721.9661613276,Medium
CASE001131,Civil,Loss,309,34163.27048339278,Low
CASE001132,Civil,Win,394,30491.29110688641,Medium
CASE001133,Civil,Win,91,29040.57390641007,Medium
CASE001134,Criminal,Win,145,48040.38884988353,High
CASE001135,Criminal,Win,37,37873.96592420321,Low
CASE001136,Civil,Win,475,20772.883730864574,Medium
CASE001137,Criminal,Win,371,47442.153465869465,Low
CASE001138,Criminal,Loss,355,2861.561085148083,Medium
CASE001139,Civil,Win,143,49418.35651128482,Low
CASE001140,Civil,Loss,272,7348.4631102475505,Low
CASE001141,Criminal,Win,437,20046.650954471887,High
CASE001142,Criminal,Loss,205,27382.11601542765,Low
CASE001143,Criminal,Win,260,19150.020276343905,High
CASE001144,Criminal,Loss,353,35594.65690729455,High
CASE001145,Criminal,Loss,34,42438.97742957419,Medium
CASE001146,Criminal,Loss,294,31636.0012470294,Low
CASE001147,Criminal,Win,98,27793.819475895943,Low
CASE001148,Civil,Win,158,47180.990083517485,High
CASE001149,Civil,Loss,376,38615.071189053844,High
CASE001150,Criminal,Win,481,18539.321695485414,Medium
CASE001151,Civil,Loss,220,37275.88525696224,Low
CASE001152,Criminal,Loss,361,32058.25043995507,Low
CASE001153,Criminal,Loss,436,43158.162520240825,Low
CASE001154,Criminal,Loss,490,15426.798586628869,Low
CASE001155,Criminal,Win,397,39748.90151405583,Medium
CASE001156,Criminal,Win,481,29843.00957552342,Low
CASE001157,Civil,Loss,357,27941.720850202168,High
CASE001158,Civil,Win,59,4176.55706048853,Low
CASE001159,Civil,Loss,245,32224.734473299104,Medium
CASE001160,Civil,Loss,100,17538.190108257677,Medium
CASE001161,Civil,Loss,64,36552.99257235085,Medium
CASE001162,Civil,Win,388,9491.101045455769,Medium
CASE001163,Civil,Win,402,14852.348289535585,Low
CASE001164,Criminal,Win,149,13077.625468735643,High
CASE001165,Criminal,Win,348,4292.130644547689,Medium
CASE001166,Civil,Win,104,44912.31847361441,Low
CASE001167,Civil,Loss,472,9077.50522162905,High
CASE001168,Civil,Loss,54,17557.3073675385,Low
CASE001169,Criminal,Win,51,8674.733977297585,High
CASE001170,Civil,Win,186,21158.462148949428,Medium
CASE001171,Civil,Win,322,18998.619863801967,High
CASE001172,Criminal,Loss,186,43020.29473295743,Low
CASE001173,Civil,Loss,377,6516.30384898114,High
CASE001174,Criminal,Win,117,3113.186683663937,High
CASE001175,Civil,Loss,210,18534.64959998502,Low
CASE001176,Civil,Win,114,11469.476782075943,Medium
CASE001177,Civil,Loss,423,30725.80811363389,Low
CASE001178,Criminal,Win,126,31936.26806279169,Medium
CASE001179,Civil,Loss,259,14020.51425084383,High
CASE001180,Civil,Loss,303,34258.6018835411,High
CASE001181,Civil,Loss,393,11528.523130290892,Low
CASE001182,Civil,Loss,59,47618.51128662691,Low
CASE001183,Civil,Win,109,32170.66895987507,Medium
CASE001184,Civil,Win,39,45089.632467367555,High
CASE001185,Criminal,Loss,368,46044.52608926738,Low
CASE001186,Civil,Win,319,16227.309416272532,Low
CASE001187,Criminal,Win,285,44774.19690132958,Low
CASE001188,Civil,Win,251,27702.175427442533,High
CASE001189,Civil,Win,118,26464.077868940352,Medium
CASE001190,Civil,Win,435,45212.631811732535,High
CASE001191,Criminal,Win,332,10010.12773357574,Low
CASE001192,Criminal,Win,349,41523.617193487175,High
CASE001193,Civil,Win,394,6811.766065529205,Low
CASE001194,Criminal,Win,483,3424.133378100562,High
CASE001195,Criminal,Win,143,22937.583435074645,Medium
CASE001196,Civil,Win,45,12898.815626256956,Medium
CASE001197,Civil,Loss,213,3059.8662588674824,Medium
CASE001198,Criminal,Loss,320,8162.422853697737,High
CASE001199,Civil,Loss,200,11225.51996205663,Medium
CASE001200,Criminal,Loss,31,19831.50729267283,Low
CASE001201,Criminal,Loss,350,29298.526465029507,Low
CASE001202,Criminal,Win,266,37479.712683219994,Medium
CASE001203,Criminal,Loss,186,18322.886965309383,Medium
CASE001204,Civil,Loss,392,35607.772667993224,High
CASE001205,Criminal,Win,268,34749.47081747358,High
CASE001206,Criminal,Win,116,14956.329067085237,Medium
CASE001207,Criminal,Win,66,22264.53517993354,High
CASE001208,Civil,Win,422,44440.3097642482,Medium
CASE001209,Criminal,Loss,307,23200.027458472054,Low
CASE001210,Criminal,Loss,466,47864.964156043796,Low
CASE001211,Criminal,Loss,236,11186.589274764743,Low
CASE001212,Criminal,Win,69,3191.2926930871995,Low
CASE001213,Criminal,Win,30,37162.23630299462,High
CASE001214,Criminal,Loss,150,26500.545541967622,Medium
CASE001215,Civil,Win,251,17471.9457243771,Medium
CASE001216,Criminal,Loss,173,14288.276343214018,High
CASE001217,Criminal,Win,266,43860.36381013967,Low
CASE001218,Civil,Win,381,13985.128537825769,Medium
CASE001219,Criminal,Loss,423,49284.401903306956,Medium
CASE001220,Criminal,Loss,275,30878.3438324306,Low
CASE001221,Criminal,Win,468,16636.07761002231,High
CASE001222,Civil,Loss,380,5847.4927513505645,Medium
CASE001223,Civil,Loss,454,43193.795586046916,High
CASE001224,Civil,Loss,250,17056.39713213801,High
CASE001225,Criminal,Loss,81,46978.65619347436,High
CASE001226,Criminal,Win,224,38225.48030773997,Low
CASE001227,Civil,Win,112,40024.419744735824,Medium
CASE001228,Civil,Loss,207,13735.182814298123,Medium
CASE001229,Criminal,Loss,197,32203.432447705538,Medium
CASE001230,Criminal,Win,482,40865.60112073375,Medium
CASE001231,Criminal,Win,491,45365.02404287905,Medium
CASE001232,Criminal,Win,289,20241.057164652357,High
CASE001233,Criminal,Win,87,23283.18426024504,Low
CASE001234,Criminal,Win,277,40254.22187656347,Low
CASE001235,Civil,Win,122,39281.84571117427,High
CASE001236,Criminal,Loss,443,4032.3994548918263,Low
CASE001237,Criminal,Win,104,25377.207272003016,High
CASE001238,Criminal,Win,367,1721.3249999547802,Medium
CASE001239,Criminal,Win,60,22306.09484700081,High
CASE001240,Civil,Win,392,38443.10439661577,High
CASE001241,Criminal,Loss,91,8087.734060481446,Medium
CASE001242,Criminal,Loss,271,37446.37744251196,High
CASE001243,Civil,Win,225,1848.9766315306033,High
CASE001244,Civil,Loss,261,20615.27486894445,Medium
CASE001245,Civil,Loss,282,45936.24219236433,Medium
CASE001246,Criminal,Loss,119,38247.38126596847,Medium
CASE001247,Criminal,Loss,157,13875.520268467948,High
CASE001248,Criminal,Loss,495,31445.810372968983,Medium
CASE001249,Civil,Win,399,42833.89612088364,Low
CASE001250,Criminal,Loss,236,39594.608916293306,Medium
CASE001251,Criminal,Loss,474,2133.9556740566804,High
CASE001252,Civil,Loss,289,17279.3983637136,Medium
CASE001253,Civil,Loss,31,16021.881529307208,Low
CASE001254,Civil,Loss,128,24510.150051684162,High
CASE001255,Civil,Win,99,3244.8862779010824,High
CASE001256,Civil,Win,275,6003.409026052997,Low
CASE001257,Civil,Win,300,19380.286456727725,Low
CASE001258,Criminal,Loss,380,28876.222025580024,High
CASE001259,Civil,Win,239,12756.211352168533,Low
CASE001260,Criminal,Loss,223,20952.54746380076,Medium
CASE001261,Civil,Win,336,13032.908682577296,High
CASE001262,Civil,Loss,227,20217.85103084935,High
CASE001263,Civil,Loss,139,40321.62296493986,High
CASE001264,Civil,Loss,262,36267.49496897933,Low
CASE001265,Criminal,Loss,288,3918.044579547446,High
CASE001266,Criminal,Loss,103,5026.338011682839,Low
CASE001267,Civil,Win,154,18143.70076705226,Low
CASE001268,Criminal,Win,414,42393.47828860464,High
CASE001269,Criminal,Win,351,13339.124563319141,Medium
CASE001270,Civil,Win,294,36222.401117245936,Low
CASE001271,Civil,Win,103,12223.10417514783,Low
CASE001272,Civil,Loss,157,33739.87714146164,Medium
CASE001273,Criminal,Win,446,16447.217076526096,Low
CASE001274,Criminal,Loss,222,18948.61225070847,High
CASE001275,Criminal,Win,111,38430.384184004484,High
CASE001276,Civil,Win,316,16508.29383312324,High
CASE001277,Criminal,Win,250,36373.38030761986,High
CASE001278,Criminal,Win,489,35655.69346856546,High
CASE001279,Criminal,Win,153,34496.499281593686,Low
CASE001280,Civil,Win,402,11153.844329927091,Medium
CASE001281,Civil,Win,163,43561.17157211424,High
CASE001282,Civil,Win,222,20262.11824508584,High
CASE001283,Criminal,Loss,282,11100.507281841736,High
CASE001284,Criminal,Loss,422,24192.70407221496,Medium
CASE001285,Criminal,Loss,382,42664.64927974226,Low
CASE001286,Civil,Loss,242,30354.1203991785,Medium
CASE001287,Criminal,Win,121,15127.940397262964,Low
CASE001288,Civil,Loss,48,38001.84958924837,Medium
CASE001289,Criminal,Loss,69,26228.679916819663,Medium
CASE001290,Civil,Win,156,49003.94895760986,High
CASE001291,Civil,Loss,213,29012.884959489886,Low
CASE001292,Criminal,Win,341,4115.3454359440375,Medium
CASE001293,Civil,Loss,243,27223.095980670805,High
CASE001294,Criminal,Win,438,20516.649743488073,Low
CASE001295,Criminal,Loss,427,12118.75209569101,Low
CASE001296,Civil,Win,179,29448.441473473442,High
CASE001297,Criminal,Win,163,12085.009023994004,Medium
CASE001298,Civil,Win,108,2560.244254060553,High
CASE001299,Criminal,Win,222,29958.417275228854,High
CASE001300,Criminal,Win,431,2467.5756674348067,Medium
CASE001301,Civil,Win,332,37449.89994837508,High
CASE001302,Civil,Loss,480,19652.615791590797,Medium
CASE001303,Civil,Win,113,8161.506428212115,Low
CASE001304,Criminal,Win,297,13572.56515966142,Medium
CASE001305,Civil,Loss,176,35100.52324732022,High
CASE001306,Criminal,Win,58,25776.11138199942,Medium
CASE001307,Civil,Win,415,38037.2114739619,Low
CASE001308,Civil,Win,495,23529.783409067393,Low
CASE001309,Criminal,Win,122,16206.734335771662,Low
CASE001310,Civil,Win,251,4199.273419729032,High
CASE001311,Criminal,Win,369,31210.535168206774,Medium
CASE001312,Criminal,Win,278,28199.485454715003,Low
CASE001313,Criminal,Win,105,26142.49164309131,High
CASE001314,Criminal,Win,186,23302.1613384897,Low
CASE001315,Civil,Loss,82,8352.929442056411,Medium
CASE001316,Criminal,Win,186,8888.538492574646,High
CASE001317,Criminal,Win,289,23020.935474028982,High
CASE001318,Civil,Win,336,23532.18508595518,Low
CASE001319,Criminal,Loss,192,20158.02131111392,Medium
CASE001320,Civil,Win,376,43012.74570577591,Low
CASE001321,Civil,Loss,470,14785.255195645163,Medium
CASE001322,Civil,Loss,366,5488.699148810224,Medium
CASE001323,Civil,Win,154,40016.69257106941,High
CASE001324,Civil,Win,226,16355.733257129676,Low
CASE001325,Criminal,Win,406,9002.866250544153,High
CASE001326,Criminal,Win,98,45265.52865431156,Medium
CASE001327,Criminal,Win,174,42235.862948372596,Medium
CASE001328,Civil,Loss,81,42152.076398584206,High
CASE001329,Criminal,Win,157,36615.73073491994,Low
CASE001330,Civil,Loss,328,15320.675917787576,High
CASE001331,Criminal,Win,262,44666.99172451487,Medium
CASE001332,Civil,Win,480,44102.762642179114,High
CASE001333,Criminal,Win,172,13041.158452597487,High
CASE001334,Civil,Win,82,39909.235730000335,Medium
CASE001335,Criminal,Win,301,36275.63033753197,Low
CASE001336,Civil,Loss,171,39311.2967359392,Low
CASE001337,Criminal,Win,236,30026.78332677141,High
CASE001338,Civil,Win,413,47195.79103896051,High
CASE001339,Civil,Win,253,22530.32992825789,High
CASE001340,Civil,Loss,185,12386.494546613501,Medium
CASE001341,Criminal,Win,42,11028.312129480957,Medium
CASE001342,Criminal,Loss,194,40459.58675089687,High
CASE001343,Criminal,Loss,451,13601.8994300365,Medium
CASE001344,Civil,Win,35,45860.19145194118,Medium
CASE001345,Criminal,Loss,214,16269.087596872103,High
CASE001346,Civil,Win,213,20476.230013396627,Medium
CASE001347,Criminal,Loss,57,4100.383478156689,Medium
CASE001348,Civil,Loss,169,28012.510430311413,Medium
CASE001349,Civil,Loss,463,4120.783895042929,Medium
CASE001350,Criminal,Loss,103,39816.14018884035,Low
CASE001351,Criminal,Win,74,7783.675162646901,High
CASE001352,Civil,Win,106,23160.4590101565,Low
CASE001353,Criminal,Win,258,29126.76452108584,Low
CASE001354,Civil,Loss,349,16534.60021484294,Medium
CASE001355,Civil,Loss,417,36847.260992497955,Medium
CASE001356,Criminal,Win,247,36853.35954473184,High
CASE001357,Criminal,Win,126,37346.48356257746,High
CASE001358,Civil,Loss,268,22168.68270440193,Medium
CASE001359,Civil,Loss,143,10751.606117180527,High
CASE001360,Criminal,Loss,124,16523.973827940437,Medium
CASE001361,Civil,Loss,399,10408.4326928563,Low
CASE001362,Civil,Loss,424,33258.050136630336,Medium
CASE001363,Criminal,Loss,84,3782.8623955952703,Low
CASE001364,Criminal,Win,395,23647.799497932516,High
CASE001365,Criminal,Loss,428,4750.799182750588,Low
CASE001366,Criminal,Loss,157,45794.34169026856,High
CASE001367,Civil,Loss,148,9878.16627180326,Medium
CASE001368,Civil,Win,118,17986.564591834176,High
CASE001369,Criminal,Win,407,11017.624193633721,Low
CASE001370,Criminal,Win,160,31199.380150793877,Low
CASE001371,Criminal,Win,44,27371.523523471733,High
CASE001372,Criminal,Loss,277,9028.407612997864,Medium
CASE001373,Criminal,Win,405,13597.775291139238,Low
CASE001374,Criminal,Win,76,6752.6935143948685,High
CASE001375,Civil,Loss,381,48376.3933865117,Low
CASE001376,Civil,Loss,236,33294.10268500319,Medium
CASE001377,Civil,Win,226,48294.0388915174,Medium
CASE001378,Criminal,Win,104,1344.3668061369506,Low
CASE001379,Criminal,Win,481,24251.399099880233,Medium
CASE001380,Civil,Win,262,11321.220634063697,Medium
CASE001381,Criminal,Loss,187,26495.09516203164,Medium
CASE001382,Civil,Loss,406,48760.5870632445,High
CASE001383,Criminal,Loss,459,21152.964758956496,High
CASE001384,Civil,Loss,255,32193.874302476717,Medium
CASE001385,Criminal,Win,94,21891.93692765292,High
CASE001386,Civil,Loss,60,6968.98835217768,High
CASE001387,Criminal,Win,399,39328.186061011824,High
CASE001388,Criminal,Loss,323,39575.440204682585,Medium
CASE001389,Civil,Win,90,1864.9092488666925,Medium
CASE001390,Criminal,Win,374,20954.137742284132,High
CASE001391,Criminal,Loss,140,37690.6086079198,Low
CASE001392,Criminal,Win,314,42722.16251827368,High
CASE001393,Criminal,Loss,38,39482.28640741096,Medium
CASE001394,Civil,Loss,291,15926.218060582733,High
CASE001395,Civil,Loss,252,9166.769077345114,Low
CASE001396,Civil,Win,440,4972.25738115266,High
CASE001397,Civil,Win,61,1152.5770041785904,High
CASE001398,Civil,Win,62,26581.353844428093,Low
CASE001399,Criminal,Loss,342,19059.902261372175,Low
CASE001400,Civil,Loss,337,1164.1864824594536,Low
CASE001401,Civil,Loss,254,12214.258363456322,High
CASE001402,Criminal,Loss,484,24953.613272226317,Low
CASE001403,Criminal,Loss,93,5669.444838393408,Medium
CASE001404,Civil,Loss,284,41551.90439939883,Low
CASE001405,Civil,Win,364,23117.096158557346,Medium
CASE001406,Criminal,Win,359,26735.923978482337,High
CASE001407,Civil,Win,469,49358.644953827934,Low
CASE001408,Criminal,Win,454,15587.58702735914,High
CASE001409,Civil,Loss,183,13096.696147415088,Low
CASE001410,Civil,Loss,282,48505.204367121936,Medium
CASE001411,Criminal,Loss,109,11581.476616358617,Medium
CASE001412,Criminal,Loss,338,25747.52559739755,Medium
CASE001413,Civil,Win,272,5292.66600503452,Low
CASE001414,Criminal,Win,317,34796.30428405231,Low
CASE001415,Criminal,Win,458,28650.937707090296,Medium
CASE001416,Civil,Win,499,11440.210063586648,Low
CASE001417,Criminal,Loss,345,35046.44224437714,Low
CASE001418,Civil,Win,461,28918.210263631452,High
CASE001419,Civil,Loss,251,15967.526703939791,High
CASE001420,Civil,Win,90,38889.33131123587,High
CASE001421,Criminal,Loss,465,9517.26140798183,Medium
CASE001422,Criminal,Loss,230,11752.027123963444,Medium
CASE001423,Criminal,Win,346,30203.974628389748,Medium
CASE001424,Civil,Win,268,38058.223887813154,Low
CASE001425,Criminal,Win,73,2232.7069439996276,High
CASE001426,Civil,Loss,350,17732.601345667685,Medium
CASE001427,Civil,Loss,489,39843.28187194176,High
CASE001428,Criminal,Win,182,37709.68774351956,Medium
CASE001429,Civil,Win,381,42619.75071211651,Medium
CASE001430,Criminal,Loss,370,47715.122330480765,High
CASE001431,Criminal,Loss,142,2171.938786978102,Medium
CASE001432,Criminal,Win,401,22035.87901215495,Medium
CASE001433,Civil,Loss,458,6059.026286784575,High
CASE001434,Criminal,Win,64,34998.3705410016,Low
CASE001435,Criminal,Loss,102,4179.615076653221,Medium
CASE001436,Civil,Win,403,11889.42818011181,High
CASE001437,Civil,Loss,304,14589.780175337024,Low
CASE001438,Criminal,Win,105,8560.325171802291,Low
CASE001439,Criminal,Win,201,19246.19825850294,Medium
CASE001440,Criminal,Win,97,37473.24915033109,High
CASE001441,Civil,Win,300,37924.80194591159,High
CASE001442,Civil,Loss,272,15635.957778445196,Low
CASE001443,Criminal,Win,323,48064.19901525086,High
CASE001444,Criminal,Win,423,21394.646424770028,Low
CASE001445,Civil,Win,301,5529.596076942025,High
CASE001446,Civil,Win,298,7743.498707552726,Low
CASE001447,Civil,Win,428,6689.525605263229,High
CASE001448,Civil,Win,300,6783.6442269595445,High
CASE001449,Criminal,Win,158,39187.35918984767,Medium
CASE001450,Civil,Win,74,12234.55325213209,Medium
CASE001451,Civil,Loss,410,43553.44555236095,Low
CASE001452,Criminal,Win,99,48439.53086833699,Low
CASE001453,Criminal,Win,248,13010.661771045061,High
CASE001454,Civil,Win,163,33172.41935056948,Low
CASE001455,Criminal,Win,308,39537.32014053557,Low
CASE001456,Criminal,Win,275,20894.34177515769,Low
CASE001457,Civil,Loss,199,27096.4749763931,High
CASE001458,Civil,Win,118,39432.367901927435,Medium
CASE001459,Civil,Loss,132,40126.48953747633,Low
CASE001460,Criminal,Loss,386,37300.18358776187,Low
CASE001461,Criminal,Loss,62,5078.830721570153,High
CASE001462,Civil,Win,413,10060.883516867869,High
CASE001463,Civil,Win,68,33426.314953794,High
CASE001464,Civil,Win,54,34493.26098560769,Low
CASE001465,Criminal,Loss,396,47254.565115838195,Medium
CASE001466,Criminal,Loss,344,45100.69253033772,Medium
CASE001467,Civil,Loss,152,11641.353961944053,Low
CASE001468,Civil,Win,407,3066.8223508000665,Medium
CASE001469,Criminal,Loss,400,48686.17121357885,Low
CASE001470,Civil,Win,492,37338.77964173481,Medium
CASE001471,Criminal,Loss,301,37732.44724903346,Medium
CASE001472,Civil,Loss,194,13605.135197445408,Medium
CASE001473,Criminal,Loss,249,41912.243156551645,High
CASE001474,Criminal,Win,120,41826.147373644104,Medium
CASE001475,Criminal,Win,71,32740.594722096746,Low
CASE001476,Civil,Win,121,1279.1408913095024,Low
CASE001477,Civil,Loss,216,22340.161906913112,Low
CASE001478,Criminal,Loss,145,24336.334620101457,Low
CASE001479,Criminal,Loss,171,1411.1137936539078,Low
CASE001480,Civil,Win,364,6365.647652615204,Medium
CASE001481,Criminal,Win,293,49023.5453708216,Medium
CASE001482,Criminal,Win,240,13085.552743166465,Low
CASE001483,Criminal,Win,481,21647.19743436616,Low
CASE001484,Civil,Win,325,36487.36524876591,High
CASE001485,Criminal,Win,125,23830.867788681157,Medium
CASE001486,Civil,Win,67,18997.400958987444,Medium
CASE001487,Civil,Loss,453,22737.783255780552,High
CASE001488,Criminal,Loss,384,16771.236810463095,Medium
CASE001489,Civil,Win,212,31279.027252033626,Medium
CASE001490,Criminal,Win,499,39921.268771466755,High
CASE001491,Civil,Loss,354,27860.509403054326,Low
CASE001492,Civil,Win,98,41876.75902929597,High
CASE001493,Civil,Loss,246,35526.45295528676,Medium
CASE001494,Civil,Win,357,37613.6270172321,Medium
CASE001495,Civil,Loss,350,19254.345697263107,Medium
CASE001496,Criminal,Loss,59,31923.346391784777,Low
CASE001497,Civil,Loss,401,28240.199776711604,High
CASE001498,Criminal,Win,97,3539.1337596992607,High
CASE001499,Criminal,Loss,394,47242.358786438075,High
CASE001500,Civil,Loss,321,8422.963282073197,Low
